EQUIPO,NOMBRE_JUGADOR,POS,LINK_JUGADOR,MINUTOS,GOLES,GOLES/90 HIST,MINUTOS 2025,GOLES 2025,GOLES/90 2025
Aldosivi,Williams Barlasina,ARQ,https://www.sofascore.com/es/jugador/williams-barlasina/1086950,2790,-,-,360,-,-
Aldosivi,Jorge Carranza,ARQ,https://www.sofascore.com/es/jugador/jorge-carranza/340431,9741,-,-,540,-,-
Aldosivi,Santiago Laquidain,DEF,https://www.sofascore.com/es/jugador/santiago-laquidain/1102827,3640,2,0.05,90,0,0.0
Aldosivi,Yonatan Cabral,DEF,https://www.sofascore.com/es/jugador/yonatan-cabral/385318,19209,9,0.04,258,0,0.0
Aldosivi,Cerato Giuliano,DEF,https://www.sofascore.com/es/jugador/cerato-giuliano/1183795,3803,0,0.0,402,0,0.0
Aldosivi,Gonzalo Mottes,DEF,https://www.sofascore.com/es/jugador/gonzalo-mottes/1018416,4107,4,0.09,810,1,0.11
Aldosivi,Nestor Breitenbruch,DEF,https://www.sofascore.com/es/jugador/nestor-breitenbruch/579356,12730,2,0.01,810,0,0.0
Aldosivi,Kummer Tomas,DEF,https://www.sofascore.com/es/jugador/kummer-tomas/1403409,0,0,0,0,0,-
Aldosivi,Rodrigo Gonzalez,DEF,https://www.sofascore.com/es/jugador/rodrigo-gonzalez/978882,6194,0,0.0,794,0,0.0
Aldosivi,Paredes Gabriel,DEF,https://www.sofascore.com/es/jugador/paredes-gabriel/1382891,90,0,0.0,0,0,-
Aldosivi,Ignacio Guerrico,VOL,https://www.sofascore.com/es/jugador/ignacio-guerrico/1100246,3552,0,0.0,900,0,0.0
Aldosivi,Serrago Tiago,VOL,https://www.sofascore.com/es/jugador/serrago-tiago/1655111,60,1,1.5,59,1,1.53
Aldosivi,Matias Garcia,VOL,https://www.sofascore.com/es/jugador/matias-garcia/340863,12073,17,0.13,58,0,0.0
Aldosivi,Lautaro Chavez,VOL,https://www.sofascore.com/es/jugador/lautaro-chavez/926232,1843,1,0.05,236,0,0.0
Aldosivi,Marcelo Esponda,VOL,https://www.sofascore.com/es/jugador/marcelo-esponda/1117077,3335,1,0.03,756,0,0.0
Aldosivi,Roberto Bochi,VOL,https://www.sofascore.com/es/jugador/roberto-bochi/897138,3823,1,0.02,432,0,0.0
Aldosivi,Falasco Lucio,VOL,https://www.sofascore.com/es/jugador/falasco-lucio/1184849,0,0,0,0,0,-
Aldosivi,Ayrton Preciado,DEL,https://www.sofascore.com/es/jugador/ayrton-preciado/343119,4579,11,0.22,337,0,0.0
Aldosivi,Justo Giani,DEL,https://www.sofascore.com/es/jugador/justo-giani/932866,4831,5,0.09,576,1,0.16
Aldosivi,Blas Agustin Palavecino,DEL,https://www.sofascore.com/es/jugador/blas-agustin-palavecino/1151708,3235,4,0.11,358,0,0.0
Aldosivi,Nathanael Guzman,DEL,https://www.sofascore.com/es/jugador/nathanael-guzman/1048283,3284,2,0.05,292,0,0.0
Aldosivi,Alexis Dominguez,DEL,https://www.sofascore.com/es/jugador/alexis-dominguez/879625,4190,8,0.17,191,0,0.0
Aldosivi,Franco Rami,DEL,https://www.sofascore.com/es/jugador/franco-rami/1518443,399,2,0.45,350,2,0.51
Aldosivi,Elias Torres,DEL,https://www.sofascore.com/es/jugador/elias-torres/1213809,3176,12,0.34,780,2,0.23
Argentinos Juniors,Diego Rodriguez,ARQ,https://www.sofascore.com/es/jugador/diego-rodriguez/38266,16470,-,-,900,-,-
Argentinos Juniors,Erik Godoy,DEF,https://www.sofascore.com/es/jugador/erik-godoy/249427,14448,5,0.03,746,1,0.12
Argentinos Juniors,Tobias Ramirez,DEF,https://www.sofascore.com/es/jugador/tobias-palacio/1482389,2664,0,0.0,114,0,0.0
Argentinos Juniors,Roman Vega,DEF,https://www.sofascore.com/es/jugador/roman-vega/1109356,3828,0,0.0,247,0,0.0
Argentinos Juniors,Lozano Leandro,DEF,https://www.sofascore.com/es/jugador/lozano-leandro/981018,12499,5,0.04,858,0,0.0
Argentinos Juniors,Luciano Sanchez,DEF,https://www.sofascore.com/es/jugador/luciano-sanchez/933158,3088,1,0.03,0,0,-
Argentinos Juniors,Mateo Antoni,DEF,https://www.sofascore.com/es/jugador/mateo-antoni/1116589,1931,1,0.05,1931,1,0.05
Argentinos Juniors,Francisco Alvarez,DEF,https://www.sofascore.com/es/jugador/francisco-alvarez/871788,8907,8,0.08,895,0,0.0
Argentinos Juniors,Coronel Kevin,DEF,https://www.sofascore.com/es/jugador/coronel-kevin/1485234,1338,0,0.0,29,0,0.0
Argentinos Juniors,Sebastian Prieto,DEF,https://www.sofascore.com/es/jugador/sebastian-prieto/946305,9470,2,0.02,807,1,0.11
Argentinos Juniors,Alan Lescano,VOL,https://www.sofascore.com/es/jugador/alan-lescano/1186068,6293,17,0.24,847,1,0.11
Argentinos Juniors,Cristian Ferreira,VOL,https://www.sofascore.com/es/jugador/cristian-ferreira/909608,7539,15,0.18,20,0,0.0
Argentinos Juniors,Alan Rodriguez,VOL,https://www.sofascore.com/es/jugador/alan-rodriguez/874576,10585,14,0.12,735,2,0.24
Argentinos Juniors,Nicolas Oroz,VOL,https://www.sofascore.com/es/jugador/nicolas-oroz/558790,11156,17,0.14,751,1,0.12
Argentinos Juniors,Ariel Gamarra,VOL,https://www.sofascore.com/es/jugador/ariel-gamarra/1412474,1548,0,0.0,29,0,0.0
Argentinos Juniors,Juan Cardozo,VOL,https://www.sofascore.com/es/jugador/juan-cardozo/1179172,485,0,0.0,11,0,0.0
Argentinos Juniors,Federico Fattori,VOL,https://www.sofascore.com/es/jugador/federico-fattori/789640,10076,0,0.0,844,0,0.0
Argentinos Juniors,Jose Maria Herrera,VOL,https://www.sofascore.com/es/jugador/jose-herrera/1179171,3651,6,0.15,722,1,0.12
Argentinos Juniors,Ismael Sosa,DEL,https://www.sofascore.com/es/jugador/ismael-sosa/37928,18592,55,0.27,184,0,0.0
Argentinos Juniors,Ruben Bentancourt,DEL,https://www.sofascore.com/es/jugador/ruben-bentancourt/587694,9285,44,0.43,60,0,0.0
Argentinos Juniors,Santiago Rodriguez,DEL,https://www.sofascore.com/es/jugador/santiago-rodriguez/897000,3764,11,0.26,138,0,0.0
Argentinos Juniors,Joaquin Ardaiz,DEL,https://www.sofascore.com/es/jugador/joaquin-ardaiz/877592,3646,9,0.22,0,0,-
Argentinos Juniors,Brondo Manuel,DEL,https://www.sofascore.com/es/jugador/brondo-manuel/1464531,64,0,0.0,0,0,-
Argentinos Juniors,Tomas Molina,DEL,https://www.sofascore.com/es/jugador/tomas-molina/833194,4031,13,0.29,705,3,0.38
Argentinos Juniors,Maximiliano Romero,DEL,https://www.sofascore.com/es/jugador/maximiliano-romero/792585,9602,39,0.37,0,0,-
Atlético Tucumán,Tomas Durso,ARQ,https://www.sofascore.com/es/jugador/tomas-durso/895734,7586,-,-,900,-,-
Atlético Tucumán,Juan Ignacio Gonzalez,ARQ,https://www.sofascore.com/es/jugador/juan-ignacio-gonzalez/846754,3309,-,-,0,-,-
Atlético Tucumán,Patricio Albornoz,ARQ,https://www.sofascore.com/es/jugador/patricio-albornoz/1415736,0,-,-,0,-,-
Atlético Tucumán,Matias De Los Santos,DEF,https://www.sofascore.com/es/jugador/matias-de-los-santos/246121,18307,10,0.05,720,0,0.0
Atlético Tucumán,Damian Martinez,DEF,https://www.sofascore.com/es/jugador/damian-martinez/38106,17063,11,0.06,555,0,0.0
Atlético Tucumán,Miguel Brizuela,DEF,https://www.sofascore.com/es/jugador/miguel-brizuela/990283,7299,3,0.04,570,0,0.0
Atlético Tucumán,Marcelo Ortiz,DEF,https://www.sofascore.com/es/jugador/marcelo-ortiz/895340,12137,10,0.07,45,0,0.0
Atlético Tucumán,Juan Infante,DEF,https://www.sofascore.com/es/jugador/juan-infante/941542,10217,1,0.01,810,0,0.0
Atlético Tucumán,Matias Orihuela,DEF,https://www.sofascore.com/es/jugador/matias-orihuela/584422,10887,3,0.02,90,0,0.0
Atlético Tucumán,Luciano Vallejo,DEF,https://www.sofascore.com/es/jugador/luciano-vallejo/2038763,0,0,0,0,0,-
Atlético Tucumán,Gianluca Ferrari,DEF,https://www.sofascore.com/es/jugador/gianluca-ferrari/945103,9708,5,0.05,540,0,0.0
Atlético Tucumán,Lopez Kevin,VOL,https://www.sofascore.com/es/jugador/lopez-kevin/1163996,3274,0,0.0,107,0,0.0
Atlético Tucumán,Adrian Sanchez,VOL,https://www.sofascore.com/es/jugador/adrian-sanchez/1009957,11125,8,0.06,854,1,0.11
Atlético Tucumán,Renzo Tesuri,VOL,https://www.sofascore.com/es/jugador/renzo-tesuri/897044,9235,14,0.14,183,0,0.0
Atlético Tucumán,Nicolas Castro,VOL,https://www.sofascore.com/es/jugador/nicolas-castro/896985,11366,10,0.08,175,1,0.51
Atlético Tucumán,Nicolas Lamendola,VOL,https://www.sofascore.com/es/jugador/nicolas-lamendola/939935,4847,8,0.15,225,1,0.4
Atlético Tucumán,Rodrigo Melo,VOL,https://www.sofascore.com/es/jugador/rodrigo-melo/971199,4053,0,0.0,124,0,0.0
Atlético Tucumán,Guillermo Acosta,VOL,https://www.sofascore.com/es/jugador/guillermo-acosta/830747,20877,15,0.06,704,0,0.0
Atlético Tucumán,Franco Nicola,DEL,https://www.sofascore.com/es/jugador/franco-nicola/1177668,4082,7,0.15,260,0,0.0
Atlético Tucumán,Mateo Bajamich,DEL,https://www.sofascore.com/es/jugador/mateo-bajamich/994451,5858,11,0.17,506,0,0.0
Atlético Tucumán,Mateo Coronel,DEL,https://www.sofascore.com/es/jugador/mateo-coronel/898982,7766,30,0.35,529,3,0.51
Atlético Tucumán,Carlos Auzqui,DEL,https://www.sofascore.com/es/jugador/carlos-auzqui/128388,10721,24,0.2,217,0,0.0
Atlético Tucumán,Ramiro Ruiz Rodriguez,DEL,https://www.sofascore.com/es/jugador/ramiro-ruiz-rodriguez/935094,7089,10,0.13,521,0,0.0
Atlético Tucumán,Lisandro Cabrera,DEL,https://www.sofascore.com/es/jugador/lisandro-cabrera/1113642,3938,14,0.32,86,0,0.0
Atlético Tucumán,Leandro Diaz,DEL,https://www.sofascore.com/es/jugador/leandro-diaz/107397,16418,68,0.37,483,2,0.37
Atlético Tucumán,Luis Miguel Rodriguez,DEL,https://www.sofascore.com/es/jugador/luis-miguel-rodriguez/93199,16835,81,0.43,278,0,0.0
Banfield,Facundo Sanguinetti,ARQ,https://www.sofascore.com/es/jugador/facundo-sanguinetti/1086977,3391,-,-,900,-,-
Banfield,Diego Romero,ARQ,https://www.sofascore.com/es/jugador/diego-romero/989232,2700,-,-,0,-,-
Banfield,De Ritis Mathias,DEF,https://www.sofascore.com/es/jugador/de-ritis-mathias/1199467,2192,1,0.04,882,0,0.0
Banfield,Luis Abraham,DEF,https://www.sofascore.com/es/jugador/luis-abraham/1183794,3900,4,0.09,10,0,0.0
Banfield,Riveros Paul,DEF,https://www.sofascore.com/es/jugador/riveros-paul/1462640,3296,5,0.14,208,0,0.0
Banfield,Ramiro Di Luciano,DEF,https://www.sofascore.com/es/jugador/ramiro-di-luciano/1111527,1892,0,0.0,657,0,0.0
Banfield,Pombo Joaquin,DEF,https://www.sofascore.com/es/jugador/pombo-joaquin/1096251,4793,1,0.02,692,0,0.0
Banfield,Alexis Maldonado,DEF,https://www.sofascore.com/es/jugador/alexis-maldonado/888848,8533,2,0.02,852,0,0.0
Banfield,Ezequiel Bonifacio,DEF,https://www.sofascore.com/es/jugador/ezequiel-bonifacio/583978,7734,5,0.06,0,0,-
Banfield,Juan Iribarren,DEF,https://www.sofascore.com/es/jugador/juan-iribarren/1199312,496,0,0.0,170,0,0.0
Banfield,Santiago Esquivel,VOL,https://www.sofascore.com/es/jugador/santiago-esquivel/1958558,383,0,0.0,95,0,0.0
Banfield,Lucas Palavecino,VOL,https://www.sofascore.com/es/jugador/lucas-palavecino/1425279,75,0,0.0,0,0,-
Banfield,Santiago Lopez Garcia,VOL,https://www.sofascore.com/es/jugador/santiago-lopez-garcia/974657,6501,5,0.07,265,0,0.0
Banfield,Martin Rio,VOL,https://www.sofascore.com/es/jugador/martin-rio/1083012,4562,5,0.1,898,0,0.0
Banfield,Lautaro Rios,VOL,https://www.sofascore.com/es/jugador/lautaro-rios/1087089,3656,1,0.02,710,0,0.0
Banfield,Gabriel Vega,VOL,https://www.sofascore.com/es/jugador/gabriel-vega/1131028,1504,0,0.0,19,0,0.0
Banfield,Leonel Miranda,VOL,https://www.sofascore.com/es/jugador/leonel-miranda/310660,18718,18,0.09,114,0,0.0
Banfield,Adoryan Tomas,VOL,https://www.sofascore.com/es/jugador/adoryan-tomas/1199319,2844,4,0.13,310,1,0.29
Banfield,Matias Gonzalez,VOL,https://www.sofascore.com/es/jugador/matias-gonzalez/1087041,2599,1,0.03,0,0,-
Banfield,Damian Diaz,VOL,https://www.sofascore.com/es/jugador/damian-diaz/42454,6169,21,0.31,0,0,-
Banfield,Agustin Obando,VOL,https://www.sofascore.com/es/jugador/agustin-obando/922441,3131,4,0.11,62,0,0.0
Banfield,Juan Alvarez,DEL,https://www.sofascore.com/es/jugador/juan-alvarez/881912,13354,12,0.08,0,0,-
Banfield,Gonzalo Rios,DEL,https://www.sofascore.com/es/jugador/gonzalo-rios/1160545,5021,15,0.27,570,0,0.0
Banfield,Bizans Juan,DEL,https://www.sofascore.com/es/jugador/bizans-juan/1104322,4727,8,0.15,437,0,0.0
Banfield,Rivera Geronimo,DEL,https://www.sofascore.com/es/jugador/rivera-geronimo/1498863,2621,7,0.24,462,1,0.19
Banfield,Tomas Nasif,DEL,https://www.sofascore.com/es/jugador/tomas-nasif/1835787,354,3,0.76,0,0,-
Banfield,Bruno Sepulveda,DEL,https://www.sofascore.com/es/jugador/bruno-sepulveda/981451,9053,30,0.3,248,0,0.0
Banfield,Alaniz Agustin,DEL,https://www.sofascore.com/es/jugador/alaniz-agustin/1468045,5592,16,0.26,684,1,0.13
Banfield,Mauricio Roldan,DEL,https://www.sofascore.com/es/jugador/mauricio-roldan/1199315,495,0,0.0,40,0,0.0
Banfield,Marcos Arturia,DEL,https://www.sofascore.com/es/jugador/marcos-arturia/871813,4777,9,0.17,209,0,0.0
Barracas Central,Marcos Ledesma,ARQ,https://www.sofascore.com/es/jugador/marcos-ledesma/757762,7569,-,-,900,-,-
Barracas Central,Marcelo Agustin Mino,ARQ,https://www.sofascore.com/es/jugador/marcelo-agustin-mino/875438,3017,-,-,0,-,-
Barracas Central,Kevin Jappert,DEF,https://www.sofascore.com/es/jugador/kevin-jappert/1218007,3931,5,0.11,810,1,0.11
Barracas Central,Yonatthan Rak,DEF,https://www.sofascore.com/es/jugador/yonatthan-rak/841881,6988,2,0.03,270,0,0.0
Barracas Central,Rodrigo Insua,DEF,https://www.sofascore.com/es/jugador/rodrigo-insua/1020511,7196,5,0.06,900,2,0.2
Barracas Central,Nicolas Demartini,DEF,https://www.sofascore.com/es/jugador/nicolas-demartini/895365,8883,5,0.05,801,0,0.0
Barracas Central,Fernando Tobio,DEF,https://www.sofascore.com/es/jugador/fernando-tobio/80918,15025,7,0.04,720,1,0.12
Barracas Central,Rafael Barrios,DEF,https://www.sofascore.com/es/jugador/rafael-barrios/584038,5583,1,0.02,332,0,0.0
Barracas Central,Facundo Mater,VOL,https://www.sofascore.com/es/jugador/facundo-mater/896753,9145,5,0.05,561,0,0.0
Barracas Central,Ivan Tapia,VOL,https://www.sofascore.com/es/jugador/ivan-tapia/992084,9162,13,0.13,547,0,0.0
Barracas Central,Siro Rosane,VOL,https://www.sofascore.com/es/jugador/siro-rosane/1086976,6153,2,0.03,493,0,0.0
Barracas Central,Tomas Porra,VOL,https://www.sofascore.com/es/jugador/tomas-porra/1106548,205,0,0.0,126,0,0.0
Barracas Central,Ignacio Tapia,VOL,https://www.sofascore.com/es/jugador/ignacio-tapia/1118269,71,0,0.0,12,0,0.0
Barracas Central,Maximiliano Puig,VOL,https://www.sofascore.com/es/jugador/maximiliano-puig/1118095,1011,1,0.09,21,0,0.0
Barracas Central,Nahuel Barrios,VOL,https://www.sofascore.com/es/jugador/nahuel-barrios/875236,10563,9,0.08,494,0,0.0
Barracas Central,Dardo Miloc,VOL,https://www.sofascore.com/es/jugador/dardo-miloc/122713,11754,1,0.01,763,0,0.0
Barracas Central,Ruiz Javier,VOL,https://www.sofascore.com/es/jugador/ruiz-javier/1512540,1517,3,0.18,384,1,0.23
Barracas Central,Manuel Duarte,DEL,https://www.sofascore.com/es/jugador/manuel-duarte/1117075,3350,5,0.13,261,1,0.34
Barracas Central,Ivan Guaraz,DEL,https://www.sofascore.com/es/jugador/ivan-guaraz/2016275,0,0,0,0,0,-
Barracas Central,Facundo Nicolas Kruger,DEL,https://www.sofascore.com/es/jugador/facundo-nicolas-kruger/1597466,2001,6,0.27,0,0,-
Barracas Central,Thiago Perugini,DEL,https://www.sofascore.com/es/jugador/thiago-perugini/1801827,23,0,0.0,0,0,-
Barracas Central,Nicolas Blandi,DEL,https://www.sofascore.com/es/jugador/nicolas-blandi/128211,8139,37,0.41,0,0,-
Barracas Central,Facundo Bruera,DEL,https://www.sofascore.com/es/jugador/facundo-bruera/933164,1836,13,0.64,356,3,0.76
Barracas Central,Gonzalo Javier Morales,DEL,https://www.sofascore.com/es/jugador/gonzalo-javier-morales/1410399,2714,11,0.36,410,1,0.22
Barracas Central,Jhonatan Candia,DEL,https://www.sofascore.com/es/jugador/jhonatan-candia/877628,8276,23,0.25,644,4,0.56
Belgrano,Juan Espinola,ARQ,https://www.sofascore.com/es/jugador/juan-espinola/805426,7918,-,-,900,-,-
Belgrano,Ignacio Chicco,ARQ,https://www.sofascore.com/es/jugador/ignacio-chicco/875398,7747,-,-,0,-,-
Belgrano,Manuel Vicentini,ARQ,https://www.sofascore.com/es/jugador/manuel-vicentini/256935,7155,-,-,0,-,-
Belgrano,Elias Lopez,DEF,https://www.sofascore.com/es/jugador/elias-lopez/988953,6491,3,0.04,159,0,0.0
Belgrano,Anibal Leguizamon,DEF,https://www.sofascore.com/es/jugador/anibal-leguizamon/898990,7246,3,0.04,360,0,0.0
Belgrano,Fausto Grillo,DEF,https://www.sofascore.com/es/jugador/fausto-grillo/553508,12450,5,0.04,340,0,0.0
Belgrano,Gabriel Compagnucci,DEF,https://www.sofascore.com/es/jugador/gabriel-compagnucci/944621,9253,1,0.01,501,0,0.0
Belgrano,Tobias Ostchega,DEF,https://www.sofascore.com/es/jugador/tobias-ostchega/992131,5649,1,0.02,479,0,0.0
Belgrano,Agustin Baldi,DEF,https://www.sofascore.com/es/jugador/agustin-baldi/992055,1293,0,0.0,0,0,-
Belgrano,Dattola Agustin,DEF,https://www.sofascore.com/es/jugador/dattola-agustin/1110288,5775,2,0.03,360,0,0.0
Belgrano,Geronimo Heredia,DEF,https://www.sofascore.com/es/jugador/geronimo-heredia/1518445,1599,1,0.06,435,0,0.0
Belgrano,Mariano Troilo,DEF,https://www.sofascore.com/es/jugador/mariano-troilo/1516324,3341,2,0.05,737,1,0.12
Belgrano,Nicolas Meriano,DEF,https://www.sofascore.com/es/jugador/nicolas-meriano/1117093,3957,1,0.02,348,0,0.0
Belgrano,Tomas Castro,VOL,https://www.sofascore.com/es/jugador/tomas-castro/1468139,486,0,0.0,0,0,-
Belgrano,Cravero Thiago,VOL,https://www.sofascore.com/es/jugador/cravero-thiago/1464853,2917,0,0.0,0,0,-
Belgrano,Jeremias Lucco,VOL,https://www.sofascore.com/es/jugador/jeremias-lucco/1518447,560,2,0.32,50,0,0.0
Belgrano,Julian Mavilla,VOL,https://www.sofascore.com/es/jugador/julian-mavilla/1650569,1803,3,0.15,30,0,0.0
Belgrano,Lucas Zelarayan,VOL,https://www.sofascore.com/es/jugador/lucas-zelarayan/249061,19015,73,0.35,0,0,-
Belgrano,Longo Santiago,VOL,https://www.sofascore.com/es/jugador/longo-santiago/990171,6790,0,0.0,480,0,0.0
Belgrano,Francisco Gonzalez Metilli,VOL,https://www.sofascore.com/es/jugador/francisco-gonzalez-metilli/896773,10490,13,0.11,569,0,0.0
Belgrano,Lucas Menossi,VOL,https://www.sofascore.com/es/jugador/lucas-menossi/249429,14800,14,0.09,528,0,0.0
Belgrano,Facundo Quignon,VOL,https://www.sofascore.com/es/jugador/facundo-quignon/340731,15209,6,0.04,416,0,0.0
Belgrano,Ulises Sanchez,VOL,https://www.sofascore.com/es/jugador/ulises-sanchez/992114,5033,8,0.14,229,0,0.0
Belgrano,Bryan Reyna,DEL,https://www.sofascore.com/es/jugador/bryan-reyna/883747,8021,17,0.19,463,0,0.0
Belgrano,Juan Velazquez,DEL,https://www.sofascore.com/es/jugador/juan-velazquez/1835765,2354,1,0.04,210,0,0.0
Belgrano,Franco Jara,DEL,https://www.sofascore.com/es/jugador/franco-jara/40776,18567,107,0.52,642,1,0.14
Belgrano,Nicolas Fernandez,DEL,https://www.sofascore.com/es/jugador/nicolas-fernandez/581804,18204,72,0.36,604,5,0.75
Belgrano,Lucas Passerini,DEL,https://www.sofascore.com/es/jugador/lucas-passerini/579316,10243,56,0.49,453,0,0.0
Boca Juniors,Javier Garcia,ARQ,https://www.sofascore.com/es/jugador/javier-garcia/31967,4620,-,-,0,-,-
Boca Juniors,Leandro Brey,ARQ,https://www.sofascore.com/es/jugador/leandro-brey/1182102,1808,-,-,1763,-,-
Boca Juniors,Agustin Marchesin,ARQ,https://www.sofascore.com/es/jugador/agustin-marchesin/47339,28147,-,-,899,-,-
Boca Juniors,Sergio Romero,ARQ,https://www.sofascore.com/es/jugador/sergio-romero/25566,14433,-,-,0,-,-
Boca Juniors,Nicolas Figal,DEF,https://www.sofascore.com/es/jugador/nicolas-figal/579350,18133,8,0.04,0,0,-
Boca Juniors,Mendia Mateo,DEF,https://www.sofascore.com/es/jugador/mendia-mateo/1537927,91,0,0.0,91,0,0.0
Boca Juniors,Juan Barinaga,DEF,https://www.sofascore.com/es/jugador/juan-barinaga/974729,5683,5,0.08,297,0,0.0
Boca Juniors,Ayrton Costa,DEF,https://www.sofascore.com/es/jugador/ayrton-costa/976485,8159,5,0.06,1711,0,0.0
Boca Juniors,Cristian Lema,DEF,https://www.sofascore.com/es/jugador/cristian-lema/106384,19119,23,0.11,0,0,-
Boca Juniors,Lautaro Di Lollo,DEF,https://www.sofascore.com/es/jugador/lautaro-di-lollo/1217939,2120,1,0.04,823,1,0.11
Boca Juniors,Lautaro Blanco,DEF,https://www.sofascore.com/es/jugador/lautaro-blanco/989865,13483,0,0.0,465,0,0.0
Boca Juniors,Lucas Blondel,DEF,https://www.sofascore.com/es/jugador/lucas-blondel/860003,8008,9,0.1,459,0,0.0
Boca Juniors,Luis Advincula,DEF,https://www.sofascore.com/es/jugador/luis-advincula/149850,25232,11,0.04,568,1,0.16
Boca Juniors,Marcos Rojo,DEF,https://www.sofascore.com/es/jugador/marcos-rojo/46998,14952,9,0.05,463,0,0.0
Boca Juniors,Frank Fabra,DEF,https://www.sofascore.com/es/jugador/frank-fabra/247741,18437,10,0.05,132,0,0.0
Boca Juniors,Rodrigo Battaglia,DEF,https://www.sofascore.com/es/jugador/rodrigo-battaglia/158257,21344,14,0.06,590,0,0.0
Boca Juniors,Marcelo Saracchi,DEF,https://www.sofascore.com/es/jugador/marcelo-saracchi/796444,12311,7,0.05,573,1,0.16
Boca Juniors,Camilo Rey,VOL,https://www.sofascore.com/es/jugador/camilo-rey/1542722,438,0,0.0,0,0,-
Boca Juniors,Agustin Martegani,VOL,https://www.sofascore.com/es/jugador/agustin-martegani/984926,4347,5,0.1,93,0,0.0
Boca Juniors,Tomas Belmonte,VOL,https://www.sofascore.com/es/jugador/tomas-belmonte/881169,15786,19,0.11,353,0,0.0
Boca Juniors,Delgado Milton,VOL,https://www.sofascore.com/es/jugador/delgado-milton/1819597,1020,0,0.0,450,0,0.0
Boca Juniors,Ignacio Miramon,VOL,https://www.sofascore.com/es/jugador/ignacio-miramon/1090319,3294,0,0.0,73,0,0.0
Boca Juniors,Williams Alarcon,VOL,https://www.sofascore.com/es/jugador/williams-alarcon/936534,10045,11,0.1,540,0,0.0
Boca Juniors,Alan Velasco,VOL,https://www.sofascore.com/es/jugador/alan-velasco/976496,9971,23,0.21,452,0,0.0
Boca Juniors,Kevin Zenon,VOL,https://www.sofascore.com/es/jugador/kevin-zenon/989863,10682,14,0.12,503,2,0.36
Boca Juniors,Ander Herrera,VOL,https://www.sofascore.com/es/jugador/ander-herrera/82474,18113,16,0.08,0,0,-
Boca Juniors,Esteban Rolon,VOL,https://www.sofascore.com/es/jugador/esteban-rolon/816808,8661,3,0.03,0,0,-
Boca Juniors,Milton Gimenez,DEL,https://www.sofascore.com/es/jugador/milton-gimenez/1092308,11341,53,0.42,620,5,0.73
Boca Juniors,Brian Aguirre,DEL,https://www.sofascore.com/es/jugador/brian-aguirre/1084962,5660,8,0.13,207,0,0.0
Boca Juniors,Miguel Merentiel,DEL,https://www.sofascore.com/es/jugador/miguel-merentiel/892275,13308,73,0.49,529,5,0.85
Boca Juniors,Lucas Janson,DEL,https://www.sofascore.com/es/jugador/lucas-janson/249843,16444,55,0.3,135,1,0.67
Boca Juniors,Edinson Cavani,DEL,https://www.sofascore.com/es/jugador/edinson-cavani/21521,23220,183,0.71,580,2,0.31
Boca Juniors,Carlos Palacios,DEL,https://www.sofascore.com/es/jugador/carlos-palacios/905487,12336,36,0.26,756,1,0.12
Boca Juniors,Exequiel Zeballos,DEL,https://www.sofascore.com/es/jugador/exequiel-zeballos/1003011,4838,11,0.2,545,2,0.33
Central Córdoba,Alan Aguerre,ARQ,https://www.sofascore.com/es/jugador/alan-aguerre/147351,13427,-,-,900,-,-
Central Córdoba,Bursich Lautaro,ARQ,https://www.sofascore.com/es/jugador/bursich-lautaro/1167976,90,-,-,0,-,-
Central Córdoba,Fernando Martinez,DEF,https://www.sofascore.com/es/jugador/fernando-martinez/1112782,753,2,0.24,0,0,-
Central Córdoba,Lautaro Montoya,DEF,https://www.sofascore.com/es/jugador/lautaro-montoya/830657,5141,2,0.04,0,0,-
Central Córdoba,Lucas Abascia,DEF,https://www.sofascore.com/es/jugador/lucas-abascia/1113113,3852,1,0.02,195,0,0.0
Central Córdoba,Santiago Moyano,DEF,https://www.sofascore.com/es/jugador/santiago-moyano/884931,6170,3,0.04,585,0,0.0
Central Córdoba,Yuri Casermeiro,DEF,https://www.sofascore.com/es/jugador/yuri-casermeiro/1578950,167,0,0.0,90,0,0.0
Central Córdoba,Gonzalo Trindade,DEF,https://www.sofascore.com/es/jugador/gonzalo-trindade/1482278,502,0,0.0,121,0,0.0
Central Córdoba,Facundo Mansilla,DEF,https://www.sofascore.com/es/jugador/facundo-mansilla/1087335,5479,2,0.03,0,0,-
Central Córdoba,Lautaro Rivero,DEF,https://www.sofascore.com/es/jugador/lautaruo-rivero/1835781,1599,2,0.11,900,2,0.2
Central Córdoba,Braian Cufre,DEF,https://www.sofascore.com/es/jugador/braian-cufre/818441,13232,6,0.04,0,0,-
Central Córdoba,Jonathan Galvan,DEF,https://www.sofascore.com/es/jugador/jonathan-galvan/789271,13805,6,0.04,774,0,0.0
Central Córdoba,Ivan Pillud,DEF,https://www.sofascore.com/es/jugador/ivan-pillud/82371,11095,3,0.02,360,0,0.0
Central Córdoba,Manuel Palavecino,VOL,https://www.sofascore.com/es/jugador/manuel-palavecino/1200724,154,1,0.58,0,0,-
Central Córdoba,Cristian Vega,VOL,https://www.sofascore.com/es/jugador/cristian-vega/941433,8111,6,0.07,30,0,0.0
Central Córdoba,Dylan Glaby,VOL,https://www.sofascore.com/es/jugador/dylan-glaby/981333,8284,4,0.04,383,0,0.0
Central Córdoba,Ivan Gomez,VOL,https://www.sofascore.com/es/jugador/ivan-gomez/849136,16057,9,0.05,792,1,0.11
Central Córdoba,Jose Florentin,VOL,https://www.sofascore.com/es/jugador/jose-florentin/988619,7135,15,0.19,871,3,0.31
Central Córdoba,Sebastian Cristoforo,VOL,https://www.sofascore.com/es/jugador/sebastian-cristoforo/221738,11138,2,0.02,122,0,0.0
Central Córdoba,Leonardo Heredia,VOL,https://www.sofascore.com/es/jugador/leonardo-heredia/895720,9756,34,0.31,771,4,0.47
Central Córdoba,Barrera Diego,DEL,https://www.sofascore.com/es/jugador/barrera-diego/1462243,608,1,0.15,0,0,-
Central Córdoba,Nicolas Quagliata,DEL,https://www.sofascore.com/es/jugador/nicolas-quagliata/1009556,3842,4,0.09,140,0,0.0
Central Córdoba,Gaston Veron,DEL,https://www.sofascore.com/es/jugador/gaston-veron/924198,6791,14,0.19,433,2,0.42
Central Córdoba,Angulo Luis Miguel,DEL,https://www.sofascore.com/es/jugador/angulo-luis-miguel/1113346,4514,9,0.18,686,1,0.13
Central Córdoba,Matias Perello,DEL,https://www.sofascore.com/es/jugador/matias-perello/1117084,776,1,0.12,336,1,0.27
Central Córdoba,Favio Cabral,DEL,https://www.sofascore.com/es/jugador/favio-cabral/1017376,2457,9,0.33,264,1,0.34
Central Córdoba,David Zalazar,DEL,https://www.sofascore.com/es/jugador/david-zalazar/1017422,2431,4,0.15,19,0,0.0
Central Córdoba,Lucas Varaldo,DEL,https://www.sofascore.com/es/jugador/lucas-varaldo/1003024,3163,5,0.14,0,0,-
Central Córdoba,Franco Alfonso,DEL,https://www.sofascore.com/es/jugador/franco-alfonso/1410924,1403,2,0.13,60,0,0.0
Defensa y Justicia,Enrique Bologna,ARQ,https://www.sofascore.com/es/jugador/enrique-bologna/107418,8640,-,-,896,-,-
Defensa y Justicia,Roberto Leon,ARQ,https://www.sofascore.com/es/jugador/roberto-leon/1109381,0,-,-,0,-,-
Defensa y Justicia,Facundo Masuero,ARQ,https://www.sofascore.com/es/jugador/facundo-masuero/1086974,1800,-,-,0,-,-
Defensa y Justicia,Rafael Delgado,DEF,https://www.sofascore.com/es/jugador/rafael-delgado/799653,19647,5,0.02,27,0,0.0
Defensa y Justicia,Damian Perez,DEF,https://www.sofascore.com/es/jugador/damian-perez/39697,20966,3,0.01,90,0,0.0
Defensa y Justicia,Emanuel Aguilera,DEF,https://www.sofascore.com/es/jugador/emanuel-aguilera/147576,22339,20,0.08,788,0,0.0
Defensa y Justicia,Ignacio Galvan,DEF,https://www.sofascore.com/es/jugador/ignacio-galvan/1102817,1211,0,0.0,0,0,-
Defensa y Justicia,Ezequiel Cannavo,DEF,https://www.sofascore.com/es/jugador/ezequiel-cannavo/1094180,2797,3,0.1,800,1,0.11
Defensa y Justicia,Lucas Ferreira,DEF,https://www.sofascore.com/es/jugador/lucas-ferreira/1023053,7516,1,0.01,806,0,0.0
Defensa y Justicia,Rubio Tobias,DEF,https://www.sofascore.com/es/jugador/rubio-tobias/1201527,2309,0,0.0,90,0,0.0
Defensa y Justicia,Kevin Balanta,DEF,https://www.sofascore.com/es/jugador/kevin-balanta/819106,15682,4,0.02,270,0,0.0
Defensa y Justicia,Agustin Sienra,DEF,https://www.sofascore.com/es/jugador/agustin-sienra/1022258,4449,0,0.0,9,0,0.0
Defensa y Justicia,Alexis Soto,DEF,https://www.sofascore.com/es/jugador/alexis-soto/824513,20457,1,0.0,806,0,0.0
Defensa y Justicia,Kevin Gutierrez,VOL,https://www.sofascore.com/es/jugador/kevin-gutierrez/914145,14727,5,0.03,788,0,0.0
Defensa y Justicia,Valentin Larralde,VOL,https://www.sofascore.com/es/jugador/valentin-larralde/1065614,4095,1,0.02,0,0,-
Defensa y Justicia,Schamine Benjamin,VOL,https://www.sofascore.com/es/jugador/schamine-benjamin/1485083,1505,2,0.12,287,0,0.0
Defensa y Justicia,David Barbona,VOL,https://www.sofascore.com/es/jugador/david-barbona/789910,12709,15,0.11,232,0,0.0
Defensa y Justicia,Matias Miranda,VOL,https://www.sofascore.com/es/jugador/matias-miranda/998283,3102,1,0.03,218,1,0.41
Defensa y Justicia,Maximiliano Gonzalez,VOL,https://www.sofascore.com/es/jugador/maximiliano-gonzalez/1150471,2209,1,0.04,142,0,0.0
Defensa y Justicia,Santiago Sosa,VOL,https://www.sofascore.com/es/jugador/santiago-sosa/1893308,1033,0,0.0,0,0,-
Defensa y Justicia,Cesar Perez,VOL,https://www.sofascore.com/es/jugador/cesar-perez/986473,6994,7,0.09,609,0,0.0
Defensa y Justicia,Aaron Molinas,VOL,https://www.sofascore.com/es/jugador/aaron-molinas/1022257,6767,9,0.12,698,2,0.26
Defensa y Justicia,Lucas Gonzalez,VOL,https://www.sofascore.com/es/jugador/lucas-gonzalez/985019,7086,7,0.09,310,0,0.0
Defensa y Justicia,Palavecino Nicolas,VOL,https://www.sofascore.com/es/jugador/palavecino-nicolas/1131305,1967,2,0.09,35,0,0.0
Defensa y Justicia,Matias Ramirez,VOL,https://www.sofascore.com/es/jugador/matias-ramirez/897094,3944,6,0.14,217,0,0.0
Defensa y Justicia,Matias Sosa,DEL,https://www.sofascore.com/es/jugador/matias-sosa/1094185,1317,2,0.14,0,0,-
Defensa y Justicia,Gaston Togni,DEL,https://www.sofascore.com/es/jugador/gaston-togni/868361,12479,27,0.19,619,4,0.58
Defensa y Justicia,Francisco Gonzalez,DEL,https://www.sofascore.com/es/jugador/francisco-gonzalez/983528,6199,7,0.1,397,0,0.0
Defensa y Justicia,Gaston Gonzalez,DEL,https://www.sofascore.com/es/jugador/gaston-gonzalez/981342,5662,9,0.14,25,0,0.0
Defensa y Justicia,Juan Miritello,DEL,https://www.sofascore.com/es/jugador/juan-miritello/1003721,4086,23,0.51,404,3,0.67
Defensa y Justicia,Osorio Abiel,DEL,https://www.sofascore.com/es/jugador/osorio-abiel/1190083,4997,16,0.29,422,1,0.21
Defensa y Justicia,Agustin Hausch,DEL,https://www.sofascore.com/es/jugador/agustin-hausch/1017278,270,0,0.0,0,0,-
Defensa y Justicia,Uriel La Roza,DEL,https://www.sofascore.com/es/jugador/uriel-la-roza/2017603,0,0,0,0,0,-
Deportivo Riestra,Juan Carlos Rolon,ARQ,https://www.sofascore.com/es/jugador/juan-carlos-rolon/2032360,0,-,-,0,-,
Deportivo Riestra,Nahuel Manganelli,ARQ,https://www.sofascore.com/es/jugador/nahuel-manganelli/1018448,180,-,-,0,-,-
Deportivo Riestra,Ignacio Arce,ARQ,https://www.sofascore.com/es/jugador/ignacio-arce/896998,10997,-,-,900,-,-
Deportivo Riestra,Jaime Barcelo,ARQ,https://www.sofascore.com/es/jugador/jaime-barcelo/1838834,0,-,-,0,-,-
Deportivo Riestra,Cristian Paz,DEF,https://www.sofascore.com/es/jugador/cristian-paz/789369,3206,0,0.0,900,0,0.0
Deportivo Riestra,Mastrangelo Diego,DEF,https://www.sofascore.com/es/jugador/mastrangelo-diego/1085930,152,0,0.0,62,0,0.0
Deportivo Riestra,Yeison Murillo,DEF,https://www.sofascore.com/es/jugador/yeison-murillo/896740,1579,0,0.0,11,0,0.0
Deportivo Riestra,Pedro Ramirez,DEF,https://www.sofascore.com/es/jugador/pedro-ramirez/1065971,5533,2,0.03,485,0,0.0
Deportivo Riestra,Nicolas Caro Torres,DEF,https://www.sofascore.com/es/jugador/nicolas-caro-torres/860000,5810,3,0.05,647,0,0.0
Deportivo Riestra,Juan Cruz Randazzo,DEF,https://www.sofascore.com/es/jugador/juan-cruz-randazzo/340445,5140,5,0.09,195,0,0.0
Deportivo Riestra,Nicolas Sansotre,DEF,https://www.sofascore.com/es/jugador/nicolas-sansotre/897088,4737,1,0.02,886,1,0.1
Deportivo Riestra,Gallo Rodrigo,DEF,https://www.sofascore.com/es/jugador/gallo-rodrigo/1003722,1319,0,0.0,78,0,0.0
Deportivo Riestra,Justo Rodriguez,DEF,https://www.sofascore.com/es/jugador/justo-rodriguez-ares/1536829,0,0,0,0,0,-
Deportivo Riestra,Eric Tovo,DEF,https://www.sofascore.com/es/jugador/eric-tovo/992958,3860,1,0.02,200,0,0.0
Deportivo Riestra,Facundo Mino,DEF,https://www.sofascore.com/es/jugador/facundo-mino/1110285,4372,1,0.02,299,0,0.0
Deportivo Riestra,Rodrigo Sayavedra,DEF,https://www.sofascore.com/es/jugador/rodrigo-sayavedra/992979,3408,2,0.05,184,0,0.0
Deportivo Riestra,Mariano Bracamonte,DEF,https://www.sofascore.com/es/jugador/mariano-bracamonte/951068,1698,3,0.16,412,0,0.0
Deportivo Riestra,Nehuen Montoya,DEF,https://www.sofascore.com/es/jugador/nehuen-montoya/1108989,0,0,0,0,0,-
Deportivo Riestra,Jonathan Goitia,VOL,https://www.sofascore.com/es/jugador/jonathan-goitia/895924,6858,6,0.08,593,0,0.0
Deportivo Riestra,Ortiz Sergio,VOL,https://www.sofascore.com/es/jugador/ortiz-sergio/1199248,1946,1,0.05,0,0,-
Deportivo Riestra,Gonzalo Bravo,VOL,https://www.sofascore.com/es/jugador/gonzalo-bravo/850924,1556,1,0.06,95,0,0.0
Deportivo Riestra,Pablo Monje,VOL,https://www.sofascore.com/es/jugador/pablo-monje/1190295,2708,0,0.0,594,0,0.0
Deportivo Riestra,Ariel Munoz,VOL,https://www.sofascore.com/es/jugador/ariel-munoz/939946,0,0,0,0,0,-
Deportivo Riestra,Landriel Leonardo,VOL,https://www.sofascore.com/es/jugador/landriel-leonardo/783430,1902,0,0.0,0,0,-
Deportivo Riestra,Mateo Ramirez,VOL,https://www.sofascore.com/es/jugador/mateo-ramirez/898756,8,0,0.0,0,0,-
Deportivo Riestra,Franco Fagundez,VOL,https://www.sofascore.com/es/jugador/franco-fagundez-acosta/1605139,2808,4,0.13,0,0,-
Deportivo Riestra,Gabriel Obredor,VOL,https://www.sofascore.com/es/jugador/gabriel-obredor/1654117,132,1,0.68,0,0,-
Deportivo Riestra,Milton Celiz,DEL,https://www.sofascore.com/es/jugador/milton-celiz/275789,7258,14,0.17,810,0,0.0
Deportivo Riestra,Sanabria Mario,DEL,https://www.sofascore.com/es/jugador/sanabria-mario/1385490,2780,2,0.06,243,0,0.0
Deportivo Riestra,Mauro Smarra,DEL,https://www.sofascore.com/es/jugador/mauro-smarra/1513683,9,0,0.0,0,0,-
Deportivo Riestra,Brian Sanchez,DEL,https://www.sofascore.com/es/jugador/brian-sanchez/899292,1529,4,0.24,221,0,0.0
Deportivo Riestra,Jonathan Herrera,DEL,https://www.sofascore.com/es/jugador/jonathan-herrera/873763,11640,46,0.36,851,3,0.32
Deportivo Riestra,Antony Alonso,DEL,https://www.sofascore.com/es/jugador/antony-alonso/1094187,995,5,0.45,273,2,0.66
Deportivo Riestra,Nicolas Benegas,DEL,https://www.sofascore.com/es/jugador/nicolas-benegas/838770,7959,29,0.33,631,1,0.14
Deportivo Riestra,Alexander Diaz,DEL,https://www.sofascore.com/es/jugador/alexander-diaz/951244,5397,13,0.22,195,0,0.0
Deportivo Riestra,Braian Guille,DEL,https://www.sofascore.com/es/jugador/braian-guille/873642,2265,5,0.2,28,0,0.0
Deportivo Riestra,Gustavo Fernandez,DEL,https://www.sofascore.com/es/jugador/gustavo-martin-fernandez/47451,3615,4,0.1,28,0,0.0
Estudiantes de La Plata,Fabricio Iacovich,ARQ,https://www.sofascore.com/es/jugador/fabricio-iacovich/1185969,90,-,-,0,-,-
Estudiantes de La Plata,Matias Mansilla,ARQ,https://www.sofascore.com/es/jugador/matias-mansilla/1099481,9753,-,-,900,-,-
Estudiantes de La Plata,Ramiro Funes Mori,DEF,https://www.sofascore.com/es/jugador/ramiro-funes-mori/252313,15036,8,0.05,180,0,0.0
Estudiantes de La Plata,Sebastian Boselli,DEF,https://www.sofascore.com/es/jugador/sebastian-boselli/1392092,4313,3,0.06,818,0,0.0
Estudiantes de La Plata,Santiago Arzamendia,DEF,https://www.sofascore.com/es/jugador/santiago-arzamendia/887429,7194,4,0.05,665,1,0.14
Estudiantes de La Plata,Gaston Benedetti,DEF,https://www.sofascore.com/es/jugador/gaston-benedetti/1018407,6478,4,0.06,250,0,0.0
Estudiantes de La Plata,Facundo Rodriguez,DEF,https://www.sofascore.com/es/jugador/facundo-rodriguez/980485,6336,3,0.04,234,0,0.0
Estudiantes de La Plata,Eric Meza,DEF,https://www.sofascore.com/es/jugador/eric-meza/941092,10464,9,0.08,892,0,0.0
Estudiantes de La Plata,Gomez Roman,DEF,https://www.sofascore.com/es/jugador/gomez-roman/1807816,274,0,0.0,0,0,-
Estudiantes de La Plata,Santiago Nunez,DEF,https://www.sofascore.com/es/jugador/santiago-nunez/1161819,6897,1,0.01,732,0,0.0
Estudiantes de La Plata,Bautista Kociubinski,VOL,https://www.sofascore.com/es/jugador/bautista-kociubinski/1086935,3522,4,0.1,79,0,0.0
Estudiantes de La Plata,Alexis Castro,VOL,https://www.sofascore.com/es/jugador/alexis-castro/801037,15010,31,0.19,255,1,0.35
Estudiantes de La Plata,Ezequiel Piovi,VOL,https://www.sofascore.com/es/jugador/ezequiel-piovi/359098,10290,7,0.06,215,0,0.0
Estudiantes de La Plata,Jose Sosa,VOL,https://www.sofascore.com/es/jugador/jose-sosa/22981,20012,34,0.15,333,1,0.27
Estudiantes de La Plata,Alexis Manyoma,VOL,https://www.sofascore.com/es/jugador/alexis-manyoma/1171180,4522,10,0.2,200,0,0.0
Estudiantes de La Plata,Cristian Medina,VOL,https://www.sofascore.com/es/jugador/cristian-medina/1003010,10013,9,0.08,369,0,0.0
Estudiantes de La Plata,Santiago Ascacibar,VOL,https://www.sofascore.com/es/jugador/santiago-ascacibar/830667,22226,17,0.07,900,4,0.4
Estudiantes de La Plata,Tiago Palacios,VOL,https://www.sofascore.com/es/jugador/tiago-palacios/1018468,10108,24,0.21,779,2,0.23
Estudiantes de La Plata,Gabriel Neves,VOL,https://www.sofascore.com/es/jugador/gabriel-neves/875294,8041,4,0.04,650,2,0.28
Estudiantes de La Plata,Facundo Farias,VOL,https://www.sofascore.com/es/jugador/facundo-farias/1003907,6892,19,0.25,0,0,-
Estudiantes de La Plata,Joaquin Tobio Burgos,DEL,https://www.sofascore.com/es/jugador/joaquin-tobio-burgos/1836758,936,4,0.38,295,2,0.61
Estudiantes de La Plata,Edwuin Cetre,DEL,https://www.sofascore.com/es/jugador/edwuin-cetre/927790,14547,46,0.28,279,1,0.32
Estudiantes de La Plata,Fabricio Perez,DEL,https://www.sofascore.com/es/jugador/fabricio-perez/1836754,162,0,0.0,13,0,0.0
Estudiantes de La Plata,Lucas Alario,DEL,https://www.sofascore.com/es/jugador/lucas-alario/249893,12498,78,0.56,363,1,0.25
Estudiantes de La Plata,Guido Carrillo,DEL,https://www.sofascore.com/es/jugador/guido-carrillo/174519,14862,56,0.34,468,0,0.0
Estudiantes de La Plata,Mauro Mendez,DEL,https://www.sofascore.com/es/jugador/mauro-mendez/979827,6277,33,0.47,0,0,-
Estudiantes de La Plata,Luciano Gimenez,DEL,https://www.sofascore.com/es/jugador/luciano-gimenez/1182435,3844,14,0.33,99,1,0.91
Gimnasia y Esgrima de La Plata,Luis Ingolotti,ARQ,https://www.sofascore.com/es/jugador/luis-ingolotti/871745,5499,-,-,270,-,-
Gimnasia y Esgrima de La Plata,Nelson Insfran,ARQ,https://www.sofascore.com/es/jugador/nelson-insfran/875481,3359,-,-,630,-,-
Gimnasia y Esgrima de La Plata,Fabricio Corbalan,DEF,https://www.sofascore.com/es/jugador/fabricio-corbalan/1893227,313,0,0.0,143,0,0.0
Gimnasia y Esgrima de La Plata,Juan Cruz Cortazzo,DEF,https://www.sofascore.com/es/jugador/juan-cruz-cortazzo/1639642,320,0,0.0,0,0,-
Gimnasia y Esgrima de La Plata,Gaston Suso,DEF,https://www.sofascore.com/es/jugador/gaston-suso/850925,13618,3,0.02,887,0,0.0
Gimnasia y Esgrima de La Plata,Leonardo Morales,DEF,https://www.sofascore.com/es/jugador/leonardo-morales/895342,16108,10,0.06,886,1,0.1
Gimnasia y Esgrima de La Plata,Pedro Silva Torrejon,DEF,https://www.sofascore.com/es/jugador/pedro-silva/830710,8247,5,0.05,0,0,-
Gimnasia y Esgrima de La Plata,Enzo Martinez,DEF,https://www.sofascore.com/es/jugador/enzo-martinez/932234,8406,1,0.01,0,0,-
Gimnasia y Esgrima de La Plata,Juan Pintado,DEF,https://www.sofascore.com/es/jugador/juan-pintado/805330,9304,0,0.0,745,0,0.0
Gimnasia y Esgrima de La Plata,Renzo Giampaoli,DEF,https://www.sofascore.com/es/jugador/renzo-giampaoli/1066559,6491,5,0.07,112,0,0.0
Gimnasia y Esgrima de La Plata,Juan Villalba,DEF,https://www.sofascore.com/es/jugador/juan-villalba/1482409,13,0,0.0,0,0,-
Gimnasia y Esgrima de La Plata,Matias Melluso,DEF,https://www.sofascore.com/es/jugador/matias-melluso/895931,10918,0,0.0,0,0,-
Gimnasia y Esgrima de La Plata,Augusto Max,VOL,https://www.sofascore.com/es/jugador/augusto-max/897058,5988,5,0.08,53,0,0.0
Gimnasia y Esgrima de La Plata,Leandro Mamut,VOL,https://www.sofascore.com/es/jugador/leandro-mamut/1087092,988,1,0.09,163,0,0.0
Gimnasia y Esgrima de La Plata,Martin Fernandez,VOL,https://www.sofascore.com/es/jugador/martin-fernandez/981588,5875,2,0.03,419,0,0.0
Gimnasia y Esgrima de La Plata,Nicolas Garayalde,VOL,https://www.sofascore.com/es/jugador/nicolas-garayalde/1017450,6043,1,0.01,197,0,0.0
Gimnasia y Esgrima de La Plata,Lucas Castro,VOL,https://www.sofascore.com/es/jugador/lucas-castro/122711,17762,23,0.12,801,0,0.0
Gimnasia y Esgrima de La Plata,Pablo De Blasis,VOL,https://www.sofascore.com/es/jugador/pablo-de-blasis/256683,21087,36,0.15,451,1,0.2
Gimnasia y Esgrima de La Plata,Junior Moreno,VOL,https://www.sofascore.com/es/jugador/junior-moreno/312026,14806,7,0.04,93,0,0.0
Gimnasia y Esgrima de La Plata,Manuel Panaro,DEL,https://www.sofascore.com/es/jugador/manuel-panaro/1084972,770,0,0.0,449,0,0.0
Gimnasia y Esgrima de La Plata,Bautista Merlini,DEL,https://www.sofascore.com/es/jugador/bautista-merlini/830722,5738,5,0.08,250,0,0.0
Gimnasia y Esgrima de La Plata,Alejandro Piedrahita,DEL,https://www.sofascore.com/es/jugador/alejandro-piedrahita/1016200,5210,10,0.17,221,0,0.0
Gimnasia y Esgrima de La Plata,Sosa Alan,DEL,https://www.sofascore.com/es/jugador/sosa-alan/1467315,654,0,0.0,564,0,0.0
Gimnasia y Esgrima de La Plata,Jan Hurtado,DEL,https://www.sofascore.com/es/jugador/jan-hurtado/868777,5207,19,0.33,44,0,0.0
Gimnasia y Esgrima de La Plata,Franco Torres,DEL,https://www.sofascore.com/es/jugador/franco-torres/1384820,2204,6,0.25,0,0,-
Gimnasia y Esgrima de La Plata,Castillo Rodrigo,DEL,https://www.sofascore.com/es/jugador/castillo-rodrigo/1182504,4245,11,0.23,863,4,0.42
Gimnasia y Esgrima de La Plata,Norberto Briasco,DEL,https://www.sofascore.com/es/jugador/norberto-briasco/848619,8351,14,0.15,200,0,0.0
Gimnasia y Esgrima de La Plata,Santino Primante,DEL,https://www.sofascore.com/es/jugador/santino-primante/1903029,348,0,0.0,0,0,-
Gimnasia y Esgrima de La Plata,Jeremias Merlo,DEL,https://www.sofascore.com/es/jugador/jeremias-merlo/1893228,82,0,0.0,9,0,0.0
Gimnasia y Esgrima de La Plata,Ivo Mammini,DEL,https://www.sofascore.com/es/jugador/ivo-mammini/1087009,1571,4,0.23,57,0,0.0
Godoy Cruz,Roberto Ramirez,ARQ,https://www.sofascore.com/es/jugador/roberto-ramirez/551382,7225,-,-,0,-,-
Godoy Cruz,Edilson Salinas,ARQ,https://www.sofascore.com/es/jugador/edilson-salinas/1182410,0,-,-,0,-,-
Godoy Cruz,Franco Petroli,ARQ,https://www.sofascore.com/es/jugador/franco-petroli/822590,6615,-,-,855,-,-
Godoy Cruz,Leonardo Jara,DEF,https://www.sofascore.com/es/jugador/leonardo-jara/250933,12924,4,0.03,437,0,0.0
Godoy Cruz,Mateo Mendoza,DEF,https://www.sofascore.com/es/jugador/mateo-mendoza/1467092,1647,3,0.16,765,0,0.0
Godoy Cruz,Federico Rasmussen,DEF,https://www.sofascore.com/es/jugador/federico-rasmussen/932903,10321,0,0.0,675,0,0.0
Godoy Cruz,Lucas Arce,DEF,https://www.sofascore.com/es/jugador/lucas-arce/1109302,7434,1,0.01,359,0,0.0
Godoy Cruz,Moran Juan,DEF,https://www.sofascore.com/es/jugador/moran-juan/1941314,711,0,0.0,225,0,0.0
Godoy Cruz,Juan Meli,DEF,https://www.sofascore.com/es/jugador/juan-meli/1087034,4704,2,0.04,630,0,0.0
Godoy Cruz,Tomas Rossi,DEF,https://www.sofascore.com/es/jugador/tomas-daniel-rossi/1109382,3810,3,0.07,242,0,0.0
Godoy Cruz,Francisco Facello,DEF,https://www.sofascore.com/es/jugador/francisco-facello/1516348,0,0,0,0,0,-
Godoy Cruz,Leandro Quiroz,DEF,https://www.sofascore.com/es/jugador/leandro-quiroz/1162221,0,0,0,0,0,-
Godoy Cruz,Facundo Ardiles,DEF,https://www.sofascore.com/es/jugador/facundo-ardiles/1093100,4499,0,0.0,45,0,0.0
Godoy Cruz,Agustin Valverde,DEF,https://www.sofascore.com/es/jugador/agustin-valverde/1488743,237,0,0.0,0,0,-
Godoy Cruz,Agustin Villalobos,VOL,https://www.sofascore.com/es/jugador/agustin-villalobos/1130303,37,0,0.0,0,0,-
Godoy Cruz,Mariano Santiago,VOL,https://www.sofascore.com/es/jugador/mariano-santiago/1391295,3443,1,0.03,0,0,-
Godoy Cruz,Poggi Vicente,VOL,https://www.sofascore.com/es/jugador/poggi-vicente/1020066,4322,4,0.08,336,0,0.0
Godoy Cruz,Gonzalo Abrego,VOL,https://www.sofascore.com/es/jugador/gonzalo-abrego/1084967,11420,10,0.08,473,0,0.0
Godoy Cruz,Perez Juan Jose,VOL,https://www.sofascore.com/es/jugador/perez-juan/1470460,856,1,0.11,216,0,0.0
Godoy Cruz,Leyes Bruno,VOL,https://www.sofascore.com/es/jugador/leyes-bruno/1130268,7383,1,0.01,790,0,0.0
Godoy Cruz,Tomas Pozzo,VOL,https://www.sofascore.com/es/jugador/tomas-pozzo/1086963,2736,4,0.13,59,0,0.0
Godoy Cruz,Roberto Nicolas Fernandez,VOL,https://www.sofascore.com/es/jugador/nicolas-fernandez/846419,8825,6,0.06,558,0,0.0
Godoy Cruz,Matias Gonzalez,VOL,https://www.sofascore.com/es/jugador/matias-gonzalez/1183703,194,0,0.0,0,0,-
Godoy Cruz,Santino Andino,DEL,https://www.sofascore.com/es/jugador/santino-andino/1937592,1273,3,0.21,267,1,0.34
Godoy Cruz,Barrea Daniel,DEL,https://www.sofascore.com/es/jugador/barrea-daniel/1183778,2544,5,0.18,163,0,0.0
Godoy Cruz,Altamira Facundo,DEL,https://www.sofascore.com/es/jugador/altamira-facundo/1134768,2604,7,0.24,409,1,0.22
Godoy Cruz,Ulariaga Nahuel,DEL,https://www.sofascore.com/es/jugador/ulariaga-nahuel/1096230,0,0,0,0,0,-
Godoy Cruz,Bastian Yanez,DEL,https://www.sofascore.com/es/jugador/bastian-yanez/942415,7733,6,0.07,560,0,0.0
Godoy Cruz,Luca Martinez Dupuy,DEL,https://www.sofascore.com/es/jugador/luca-martinez-dupuy/1087100,3821,15,0.35,412,2,0.44
Godoy Cruz,Agustin Auzmendi,DEL,https://www.sofascore.com/es/jugador/agustin-auzmendi/1173824,2387,20,0.75,216,3,1.25
Godoy Cruz,Kevin Parzajuk,DEL,https://www.sofascore.com/es/jugador/kevin-parzajuk/1177571,1104,1,0.08,524,0,0.0
Godoy Cruz,Juan Bautista Cejas,DEL,https://www.sofascore.com/es/jugador/juan-bautista-cejas/868364,4889,10,0.18,72,0,0.0
Huracán,Hernan Galindez,ARQ,https://www.sofascore.com/es/jugador/hernan-galindez/588618,9360,-,-,900,-,-
Huracán,Sebastian Meza,ARQ,https://www.sofascore.com/es/jugador/sebastian-meza/1017440,5940,-,-,0,-,-
Huracán,Pellegrino Marco,DEF,https://www.sofascore.com/es/jugador/pellegrino-marco/1095023,3580,2,0.05,827,1,0.11
Huracán,Daniel Zabala,DEF,https://www.sofascore.com/es/jugador/daniel-zabala/1482286,355,0,0.0,73,0,0.0
Huracán,Hernan De La Fuente,DEF,https://www.sofascore.com/es/jugador/hernan-de-la-fuente/912936,9338,6,0.06,101,0,0.0
Huracán,Cesar Ibanez,DEF,https://www.sofascore.com/es/jugador/cesar-ibanez/988327,8009,2,0.02,852,1,0.11
Huracán,Tomas Guidara,DEF,https://www.sofascore.com/es/jugador/tomas-guidara/871519,15590,0,0.0,807,0,0.0
Huracán,Lucas Carrizo,DEF,https://www.sofascore.com/es/jugador/lucas-carrizo/871798,6167,3,0.04,0,0,-
Huracán,Fabio Pereyra,DEF,https://www.sofascore.com/es/jugador/fabio-pereyra/943995,15288,4,0.02,900,1,0.1
Huracán,Santiago Moya,DEF,https://www.sofascore.com/es/jugador/santiago-moya/1116121,2430,0,0.0,0,0,-
Huracán,Goitea Nicolas,DEF,https://www.sofascore.com/es/jugador/goitea-nicolas/1092353,5747,4,0.06,0,0,-
Huracán,Leandro Lescano,DEF,https://www.sofascore.com/es/jugador/leandro-lescano/1525988,48,0,0.0,0,0,-
Huracán,Emanuel Ojeda,VOL,https://www.sofascore.com/es/jugador/pedro-emanuel-ojeda/857488,9552,5,0.05,214,1,0.42
Huracán,Babino Luca Marcelo,VOL,https://www.sofascore.com/es/jugador/babino-luca-marcelo/2058160,0,0,0,0,0,-
Huracán,Agostino Spina,VOL,https://www.sofascore.com/es/jugador/agostino-spina/1103068,4842,3,0.06,0,0,-
Huracán,Victor Cantillo,VOL,https://www.sofascore.com/es/jugador/victor-cantillo/355802,21810,6,0.02,11,0,0.0
Huracán,Gabriel Alanis,VOL,https://www.sofascore.com/es/jugador/gabriel-alanis/609736,12640,15,0.11,778,0,0.0
Huracán,Watson Franco,VOL,https://www.sofascore.com/es/jugador/watson-franco/1018412,1982,1,0.05,186,0,0.0
Huracán,Matko Miljevic,VOL,https://www.sofascore.com/es/jugador/matko-miljevic/1146881,3840,8,0.19,592,2,0.3
Huracán,Leonardo Gil,VOL,https://www.sofascore.com/es/jugador/leonardo-gil/340775,22681,27,0.11,900,0,0.0
Huracán,Leonel Perez,VOL,https://www.sofascore.com/es/jugador/leonel-perez/1471214,783,0,0.0,0,0,-
Huracán,Leonardo Sequeira,DEL,https://www.sofascore.com/es/jugador/leonardo-sequeira/893934,10200,23,0.2,179,0,0.0
Huracán,Rodrigo Cabral,DEL,https://www.sofascore.com/es/jugador/rodrigo-cabral/997539,6579,6,0.08,46,1,1.96
Huracán,Walter Mazzantti,DEL,https://www.sofascore.com/es/jugador/walter-mazzantti/861339,12756,26,0.18,776,1,0.12
Huracán,Erik Ramirez,DEL,https://www.sofascore.com/es/jugador/erik-ramirez/792334,10717,32,0.27,542,3,0.5
Huracán,Agustin Urzi,DEL,https://www.sofascore.com/es/jugador/agustin-urzi/965775,9055,8,0.08,100,0,0.0
Huracán,Matias Tissera,DEL,https://www.sofascore.com/es/jugador/matias-tissera/859997,3061,20,0.59,0,0,-
Huracán,Ramon Abila,DEL,https://www.sofascore.com/es/jugador/ramon-abila/788935,14332,80,0.5,10,0,0.0
Independiente,Tasso Manuel,ARQ,https://www.sofascore.com/es/jugador/tasso-manuel/1466135,0,-,-,0,-,-
Independiente,Rodrigo Rey,ARQ,https://www.sofascore.com/es/jugador/rodrigo-rey/158249,20539,-,-,900,-,-
Independiente,Joaquin Blazquez,ARQ,https://www.sofascore.com/es/jugador/joaquin-blazquez/940690,525,-,-,0,-,-
Independiente,Adrian Sporle,DEF,https://www.sofascore.com/es/jugador/adrian-sporle/838847,10817,8,0.07,477,1,0.19
Independiente,Sebastian Valdez,DEF,https://www.sofascore.com/es/jugador/sebastian-valdez/896783,5629,0,0.0,900,0,0.0
Independiente,Salle Santiago,DEF,https://www.sofascore.com/es/jugador/salle-santiago/1461801,970,0,0.0,61,0,0.0
Independiente,Federico Vera,DEF,https://www.sofascore.com/es/jugador/federico-vera/981338,12277,1,0.01,840,0,0.0
Independiente,Franco Paredes,DEF,https://www.sofascore.com/es/jugador/franco-paredes/989717,6112,5,0.07,31,0,0.0
Independiente,Alvaro Angulo,DEF,https://www.sofascore.com/es/jugador/alvaro-angulo/824511,17251,20,0.1,487,3,0.55
Independiente,Nicolas Freire,DEF,https://www.sofascore.com/es/jugador/nicolas-freire/316414,14482,7,0.04,0,0,-
Independiente,Kevin Lomonaco,DEF,https://www.sofascore.com/es/jugador/kevin-lomonaco/1003014,5692,3,0.05,894,0,0.0
Independiente,Loyola Felipe,DEF,https://www.sofascore.com/es/jugador/loyola-felipe/1125917,5504,8,0.13,900,1,0.1
Independiente,David Martinez,VOL,https://www.sofascore.com/es/jugador/david-martinez/2007141,0,0,0,0,0,-
Independiente,Luciano Cabral,VOL,https://www.sofascore.com/es/jugador/luciano-cabral/544168,5854,11,0.17,485,2,0.37
Independiente,Pablo Galdames,VOL,https://www.sofascore.com/es/jugador/pablo-galdames/386230,12867,8,0.06,199,0,0.0
Independiente,Federico Mancuello,VOL,https://www.sofascore.com/es/jugador/federico-mancuello/122615,15230,23,0.14,122,1,0.74
Independiente,Ivan Marcone,VOL,https://www.sofascore.com/es/jugador/ivan-marcone/122634,22401,1,0.0,810,0,0.0
Independiente,Lautaro Millan,VOL,https://www.sofascore.com/es/jugador/lautaro-millan/1865987,939,1,0.1,434,1,0.21
Independiente,Rodrigo Fernandez,VOL,https://www.sofascore.com/es/jugador/rodrigo-fernandez/877599,9845,2,0.02,106,0,0.0
Independiente,Lucas Roman,VOL,https://www.sofascore.com/es/jugador/pocho-roman/1609000,1210,3,0.22,0,0,-
Independiente,Montiel Santiago,DEL,https://www.sofascore.com/es/jugador/montiel-santiago/1065611,5390,9,0.15,374,0,0.0
Independiente,Tarzia Diego,DEL,https://www.sofascore.com/es/jugador/tarzia-diego/1650040,1692,1,0.05,689,0,0.0
Independiente,Gabriel Avalos,DEL,https://www.sofascore.com/es/jugador/gabriel-avalos/789453,16189,67,0.37,724,5,0.62
Independiente,Santiago Hidalgo,DEL,https://www.sofascore.com/es/jugador/santiago-hidalgo/1199247,1272,1,0.07,259,0,0.0
Independiente,Maestro Puch Ignacio,DEL,https://www.sofascore.com/es/jugador/maestro-puch-ignacio/1096798,1924,4,0.19,90,0,0.0
Independiente,Matias Gimenez,DEL,https://www.sofascore.com/es/jugador/matias-gimenez-rojas/977680,3434,12,0.31,165,0,0.0
Independiente Rivadavia,Gonzalo Marinelli,ARQ,https://www.sofascore.com/es/jugador/gonzalo-marinelli/42571,9364,-,-,0,-,-
Independiente Rivadavia,Agustin Lastra,ARQ,https://www.sofascore.com/es/jugador/agustin-lastra/1116604,180,-,-,0,-,-
Independiente Rivadavia,Ezequiel Centurion,ARQ,https://www.sofascore.com/es/jugador/ezequiel-centurion/876134,3825,-,-,900,-,-
Independiente Rivadavia,Alejo Osella,DEF,https://www.sofascore.com/es/jugador/alejo-osella/1187522,114,0,0.0,0,0,-
Independiente Rivadavia,Valenti Matias,DEF,https://www.sofascore.com/es/jugador/valenti-matias/1634827,2307,1,0.04,89,0,0.0
Independiente Rivadavia,Costa Leonardo,DEF,https://www.sofascore.com/es/jugador/costa-leonard/1177545,5026,5,0.09,235,0,0.0
Independiente Rivadavia,Peinipil Mauro,DEF,https://www.sofascore.com/es/jugador/peinipil-mauro/1118570,6795,2,0.03,646,1,0.14
Independiente Rivadavia,Luciano Gomez,DEF,https://www.sofascore.com/es/jugador/luciano-gomez/830605,7907,4,0.05,713,1,0.13
Independiente Rivadavia,Souto Pedro,DEF,https://www.sofascore.com/es/jugador/souto-pedro/1109640,3485,1,0.03,247,0,0.0
Independiente Rivadavia,Luciano Abecasis,DEF,https://www.sofascore.com/es/jugador/luciano-abecasis/249083,12711,4,0.03,90,0,0.0
Independiente Rivadavia,Santiago Flores,DEF,https://www.sofascore.com/es/jugador/santiago-flores/1086985,847,0,0.0,84,0,0.0
Independiente Rivadavia,Thomas Ortega,DEF,https://www.sofascore.com/es/jugador/thomas-ortega/1017439,6770,0,0.0,89,0,0.0
Independiente Rivadavia,Ivan Villalba,DEF,https://www.sofascore.com/es/jugador/ivan-villalba/875088,6636,4,0.05,731,0,0.0
Independiente Rivadavia,Laureano Rodriguez,DEF,https://www.sofascore.com/es/jugador/laureano-rodriguez/1654124,1820,1,0.05,0,0,-
Independiente Rivadavia,Luis Sequeira,VOL,https://www.sofascore.com/es/jugador/luis-sequeira/980759,2304,4,0.16,691,2,0.26
Independiente Rivadavia,Tomas Bottari,VOL,https://www.sofascore.com/es/jugador/tomas-bottari/1092337,4343,0,0.0,403,0,0.0
Independiente Rivadavia,Mauricio Cardillo,VOL,https://www.sofascore.com/es/jugador/mauricio-cardillo/1201525,1467,0,0.0,599,0,0.0
Independiente Rivadavia,Maximiliano Amarfil,VOL,https://www.sofascore.com/es/jugador/maximiliano-amarfil/1187883,4292,5,0.1,863,0,0.0
Independiente Rivadavia,Mateo Schwartz,VOL,https://www.sofascore.com/es/jugador/mateo-schwartz/2035642,0,0,0,0,0,-
Independiente Rivadavia,Fabricio Amato,VOL,https://www.sofascore.com/es/jugador/fabricio-amato/1485369,53,0,0.0,0,0,-
Independiente Rivadavia,Diego Ruben Tonetto,VOL,https://www.sofascore.com/es/jugador/diego-ruben-tonetto/254797,3109,0,0.0,278,0,0.0
Independiente Rivadavia,Nicolas Retamar,DEL,https://www.sofascore.com/es/jugador/nicolas-retamar/1190103,4425,15,0.31,294,2,0.61
Independiente Rivadavia,Matias Fernandez,DEL,https://www.sofascore.com/es/jugador/matias-fernandez/1020500,0,0,0,0,0,-
Independiente Rivadavia,Sebastian Villa,DEL,https://www.sofascore.com/es/jugador/sebastian-villa/839983,20255,46,0.2,892,3,0.3
Independiente Rivadavia,Fernando Romero,DEL,https://www.sofascore.com/es/jugador/fernando-romero/905339,2946,10,0.31,0,0,-
Independiente Rivadavia,Victorio Ramis,DEL,https://www.sofascore.com/es/jugador/victorio-ramis/856108,6773,18,0.24,451,0,0.0
Independiente Rivadavia,Juambeltz Maximiliano,DEL,https://www.sofascore.com/es/jugador/juambeltz-maximiliano/1177407,3310,9,0.24,23,0,0.0
Independiente Rivadavia,Juan Ignacio Barbieri,DEL,https://www.sofascore.com/es/jugador/juan-ignacio-barbieri/989996,159,0,0.0,0,0,-
Instituto Córdoba,Manuel Roffo,ARQ,https://www.sofascore.com/es/jugador/manuel-roffo/881166,8218,-,-,900,-,-
Instituto Córdoba,Joaquin Matias Papaleo,ARQ,https://www.sofascore.com/es/jugador/joaquin-matias-papaleo/789396,747,-,-,0,-,-
Instituto Córdoba,Emanuel Sittaro,ARQ,https://www.sofascore.com/es/jugador/emanuel-sittaro/1018390,0,-,-,0,-,-
Instituto Córdoba,Emanuel Beltran,DEF,https://www.sofascore.com/es/jugador/emanuel-beltran/989485,9631,6,0.06,0,0,-
Instituto Córdoba,Lautaro Carrera,DEF,https://www.sofascore.com/es/jugador/lautaro-carrera/1649317,444,0,0.0,0,0,-
Instituto Córdoba,Lucas Rodriguez,DEF,https://www.sofascore.com/es/jugador/lucas-rodriguez/146982,11857,3,0.02,835,0,0.0
Instituto Córdoba,Elias Pereyra,DEF,https://www.sofascore.com/es/jugador/elias-pereyra/922450,3250,0,0.0,65,0,0.0
Instituto Córdoba,Requena Gonzalo,DEF,https://www.sofascore.com/es/jugador/requena-gonzalo/1479428,2968,2,0.06,720,0,0.0
Instituto Córdoba,Nicolas Zalazar,DEF,https://www.sofascore.com/es/jugador/nicolas-zalazar/859697,7909,5,0.06,180,0,0.0
Instituto Córdoba,Juan Jose Franco,DEF,https://www.sofascore.com/es/jugador/juan-franco/926812,5623,2,0.03,900,0,0.0
Instituto Córdoba,Fernando Alarcon,DEF,https://www.sofascore.com/es/jugador/fernando-alarcon/797020,7543,2,0.02,900,0,0.0
Instituto Córdoba,Stefano Moreyra,VOL,https://www.sofascore.com/es/jugador/stefano-moreyra/1086973,2261,0,0.0,192,0,0.0
Instituto Córdoba,Francis Mac Allister,VOL,https://www.sofascore.com/es/jugador/francis-mac-allister/1089454,9002,2,0.02,714,0,0.0
Instituto Córdoba,Jonas Acevedo,VOL,https://www.sofascore.com/es/jugador/jonas-acevedo/875895,7835,12,0.14,595,1,0.15
Instituto Córdoba,Matias Gallardo,VOL,https://www.sofascore.com/es/jugador/matias-gallardo/1482281,10,0,0.0,0,0,-
Instituto Córdoba,Franco Diaz,VOL,https://www.sofascore.com/es/jugador/franco-diaz/1018402,4163,2,0.04,62,0,0.0
Instituto Córdoba,Francesco Lo Celso,VOL,https://www.sofascore.com/es/jugador/francesco-lo-celso/989850,2461,2,0.07,34,0,0.0
Instituto Córdoba,Alex Luna,VOL,https://www.sofascore.com/es/jugador/alex-luna/1094228,4268,6,0.13,798,2,0.23
Instituto Córdoba,Damian Puebla,VOL,https://www.sofascore.com/es/jugador/damian-puebla/1466522,3540,11,0.28,386,0,0.0
Instituto Córdoba,Gaston Lodico,VOL,https://www.sofascore.com/es/jugador/gaston-lodico/922460,13072,11,0.08,768,1,0.12
Instituto Córdoba,Jeremias Lazaro,DEL,https://www.sofascore.com/es/jugador/jeremias-lazaro/1649316,326,1,0.28,80,0,0.0
Instituto Córdoba,Dellarossa Jonathan,DEL,https://www.sofascore.com/es/jugador/dellarossa-jonathan/1126363,3592,13,0.33,75,0,0.0
Instituto Córdoba,Damian Batallini,DEL,https://www.sofascore.com/es/jugador/damian-batallini/830885,12495,18,0.13,668,2,0.27
Instituto Córdoba,Klimowicz Matias,DEL,https://www.sofascore.com/es/jugador/klimowicz-luca/1592848,1185,6,0.46,95,0,0.0
Instituto Córdoba,Facundo Suarez,DEL,https://www.sofascore.com/es/jugador/facundo-suarez/992068,6063,22,0.33,342,1,0.26
Instituto Córdoba,Silvio Romero,DEL,https://www.sofascore.com/es/jugador/silvio-romero/174937,18939,91,0.43,69,0,0.0
Instituto Córdoba,Nicolas Cordero,DEL,https://www.sofascore.com/es/jugador/nicolas-cordero/860051,6271,16,0.23,412,0,0.0
Instituto Córdoba,Matias Godoy,DEL,https://www.sofascore.com/es/jugador/matias-godoy/1003016,6063,5,0.07,160,0,0.0
Lanús,Nahuel Losada,ARQ,https://www.sofascore.com/es/jugador/nahuel-losada/384552,10084,-,-,810,-,-
Lanús,Nicolas Claa,ARQ,https://www.sofascore.com/es/jugador/nicolas-claa/1201526,0,-,-,0,-,-
Lanús,Lautaro Morales,ARQ,https://www.sofascore.com/es/jugador/lautaro-morales/989206,7281,-,-,90,-,-
Lanús,Nicolas Morgantini,DEF,https://www.sofascore.com/es/jugador/nicolas-morgantini/941545,7514,4,0.05,0,0,-
Lanús,Ezequiel Munoz,DEF,https://www.sofascore.com/es/jugador/ezequiel-munoz/42450,12594,3,0.02,270,0,0.0
Lanús,Armando Mendez,DEF,https://www.sofascore.com/es/jugador/armando-mendez/941403,10399,3,0.03,46,0,0.0
Lanús,Sasha Marcich,DEF,https://www.sofascore.com/es/jugador/sasha-marcich/992126,7169,3,0.04,900,0,0.0
Lanús,Carlos Izquierdoz,DEF,https://www.sofascore.com/es/jugador/carlos-izquierdoz/174943,28193,20,0.06,900,0,0.0
Lanús,De Jesus Ronaldo,DEF,https://www.sofascore.com/es/jugador/de-jesus-lopez-ronaldo/1095279,2044,2,0.09,673,0,0.0
Lanús,Octavio Ontivero,DEF,https://www.sofascore.com/es/jugador/octavio-ontivero/1482393,293,0,0.0,0,0,-
Lanús,Perez Gonzalo,DEF,https://www.sofascore.com/es/jugador/perez-gonzalo/1048185,7608,2,0.02,548,0,0.0
Lanús,Ramiro Carrera,VOL,https://www.sofascore.com/es/jugador/ramiro-carrera/340441,13151,24,0.16,463,1,0.19
Lanús,Raul Loaiza,VOL,https://www.sofascore.com/es/jugador/raul-loaiza/991270,18089,5,0.02,0,0,-
Lanús,Juan Ramirez,VOL,https://www.sofascore.com/es/jugador/juan-ramirez/174961,15328,15,0.09,81,0,0.0
Lanús,Felipe Pena Biafore,VOL,https://www.sofascore.com/es/jugador/felipe-pena-biafore/1065594,6555,5,0.07,353,0,0.0
Lanús,Marcelino Moreno,VOL,https://www.sofascore.com/es/jugador/marcelino-moreno/848472,19370,34,0.16,891,2,0.2
Lanús,Agustin Cardozo,VOL,https://www.sofascore.com/es/jugador/agustin-cardozo/851824,11851,5,0.04,778,0,0.0
Lanús,Agustin Rodriguez,VOL,https://www.sofascore.com/es/jugador/agustin-rodriguez/1117166,532,1,0.17,12,0,0.0
Lanús,Agustin Medina,VOL,https://www.sofascore.com/es/jugador/agustin-medina/1836915,206,0,0.0,0,0,-
Lanús,Aquino Dylan,DEL,https://www.sofascore.com/es/jugador/aquino-dylan/1501702,1349,1,0.07,375,0,0.0
Lanús,Eduardo Salvio,DEL,https://www.sofascore.com/es/jugador/eduardo-salvio/47334,18114,59,0.29,673,1,0.13
Lanús,Orozco Franco,DEL,https://www.sofascore.com/es/jugador/orozco-franco/1003025,5221,15,0.26,0,0,-
Lanús,Bruno Cabrera,DEL,https://www.sofascore.com/es/jugador/bruno-cabrera/1651228,291,0,0.0,17,0,0.0
Lanús,Alexis Segovia,DEL,https://www.sofascore.com/es/jugador/alexis-segovia/1199084,1135,1,0.08,359,1,0.25
Lanús,Lautaro Acosta,DEL,https://www.sofascore.com/es/jugador/lautaro-acosta/33256,16133,27,0.15,21,0,0.0
Lanús,Alexis Canelo,DEL,https://www.sofascore.com/es/jugador/alexis-canelo/789663,17937,67,0.34,137,1,0.66
Lanús,Walter Bou,DEL,https://www.sofascore.com/es/jugador/walter-bou/558816,17642,69,0.35,838,3,0.32
Newell's Old Boys,Keylor Navas,ARQ,https://www.sofascore.com/es/jugador/keylor-navas/56113,25726,-,-,720,-,-
Newell's Old Boys,Lucas Hoyos,ARQ,https://www.sofascore.com/es/jugador/lucas-hoyos/106111,18752,-,-,0,-,-
Newell's Old Boys,Josue Reinatti,ARQ,https://www.sofascore.com/es/jugador/josue-reinatti/1485097,450,-,-,180,-,-
Newell's Old Boys,Luca Sosa,DEF,https://www.sofascore.com/es/jugador/luca-sosa/789668,9865,2,0.02,240,0,0.0
Newell's Old Boys,Victor Cuesta,DEF,https://www.sofascore.com/es/jugador/victor-cuesta/587148,31016,17,0.05,360,0,0.0
Newell's Old Boys,Saul Salcedo,DEF,https://www.sofascore.com/es/jugador/saul-salcedo/805134,12501,4,0.03,748,0,0.0
Newell's Old Boys,Martin Luciano,DEF,https://www.sofascore.com/es/jugador/martin-luciano/1114869,3413,0,0.0,164,0,0.0
Newell's Old Boys,Tomas Jacob,DEF,https://www.sofascore.com/es/jugador/tomas-jacob/1154919,2719,0,0.0,532,0,0.0
Newell's Old Boys,Angelo Martino,DEF,https://www.sofascore.com/es/jugador/angelo-martino/860046,9288,5,0.05,0,0,-
Newell's Old Boys,Luciano Lollo,DEF,https://www.sofascore.com/es/jugador/luciano-lollo/249009,16240,11,0.06,558,0,0.0
Newell's Old Boys,Alejo Tabares,DEF,https://www.sofascore.com/es/jugador/alejo-tabares/1086327,3793,0,0.0,589,0,0.0
Newell's Old Boys,Alejo Montero,DEF,https://www.sofascore.com/es/jugador/alejo-montero/922442,5302,4,0.07,574,0,0.0
Newell's Old Boys,Brian Calderara,DEF,https://www.sofascore.com/es/jugador/brian-calderara/1086937,4980,2,0.04,57,0,0.0
Newell's Old Boys,Juan Ignacio Mendez,VOL,https://www.sofascore.com/es/jugador/ignacio-mendez/881170,11426,6,0.05,98,0,0.0
Newell's Old Boys,Gonzalo Maroni,VOL,https://www.sofascore.com/es/jugador/gonzalo-maroni/840510,7431,15,0.18,555,1,0.16
Newell's Old Boys,Lisandro Montenegro,VOL,https://www.sofascore.com/es/jugador/lisandro-montenegro/1466810,1365,1,0.07,0,0,-
Newell's Old Boys,Ever Banega,VOL,https://www.sofascore.com/es/jugador/ever-banega/31981,27834,53,0.17,722,1,0.12
Newell's Old Boys,Nazareno Funez,DEL,https://www.sofascore.com/es/jugador/nazareno-funez/1117089,4136,20,0.44,231,0,0.0
Newell's Old Boys,Luciano Herrera,DEL,https://www.sofascore.com/es/jugador/luciano-herrera/1114494,6493,11,0.15,350,1,0.26
Newell's Old Boys,Mateo Silvetti,DEL,https://www.sofascore.com/es/jugador/mateo-silvetti/1893583,2058,6,0.26,806,2,0.22
Newell's Old Boys,Fernando Cardozo,DEL,https://www.sofascore.com/es/jugador/fernando-cardozo/883216,4318,7,0.15,366,0,0.0
Newell's Old Boys,Giovani Chiaverano,DEL,https://www.sofascore.com/es/jugador/giovani-chiaverano/1485094,647,1,0.14,143,0,0.0
Newell's Old Boys,Francisco Plaza,DEL,https://www.sofascore.com/es/jugador/francisco-plaza/1485093,72,0,0.0,0,0,-
Newell's Old Boys,Juan Manuel Garcia,DEL,https://www.sofascore.com/es/jugador/juan-manuel-garcia/830755,10939,42,0.35,377,0,0.0
Newell's Old Boys,Carlos Gonzalez,DEL,https://www.sofascore.com/es/jugador/carlos-gonzalez/1175756,23121,97,0.38,293,0,0.0
Platense,Desabato Andres,ARQ,https://www.sofascore.com/es/jugador/desabato-andres/941546,3542,-,-,0,-,-
Platense,Federico Losas,ARQ,https://www.sofascore.com/es/jugador/federico-losas/1003020,1656,-,-,0,-,-
Platense,Juan Cozzani,ARQ,https://www.sofascore.com/es/jugador/juan-cozzani/874969,8179,-,-,896,-,-
Platense,Juan Pablo Pignani,DEF,https://www.sofascore.com/es/jugador/juan-pablo-pignani/1176234,1723,0,0.0,0,0,-
Platense,Jonathan Bay,DEF,https://www.sofascore.com/es/jugador/jonathan-bay/789358,12205,4,0.03,482,0,0.0
Platense,Bautista Barros Schelotto,DEF,https://www.sofascore.com/es/jugador/bautista-barros-schelotto/1085929,3266,1,0.03,225,0,0.0
Platense,Tomas Silva,DEF,https://www.sofascore.com/es/jugador/tomas-ariel-silva/1654532,3955,0,0.0,336,0,0.0
Platense,Gonzalo Goni,DEF,https://www.sofascore.com/es/jugador/gonzalo-goni/871805,10459,4,0.03,13,0,0.0
Platense,Saborido Juan Ignacio,DEF,https://www.sofascore.com/es/jugador/saborido-juan-ignacio/1104325,2829,1,0.03,630,0,0.0
Platense,Oscar Salomon,DEF,https://www.sofascore.com/es/jugador/oscar-salomon/992226,8150,1,0.01,896,0,0.0
Platense,Ignacio Vazquez,DEF,https://www.sofascore.com/es/jugador/ignacio-vazquez/883922,8304,3,0.03,896,1,0.1
Platense,Raul Lozano,DEF,https://www.sofascore.com/es/jugador/raul-lozano/884971,8273,1,0.01,0,0,-
Platense,Edgar Elizalde,DEF,https://www.sofascore.com/es/jugador/edgar-elizalde/874565,5914,2,0.03,78,0,0.0
Platense,Franco Baldassarra,VOL,https://www.sofascore.com/es/jugador/franco-baldassarra/981340,5144,5,0.09,11,0,0.0
Platense,Vicente Taborda,VOL,https://www.sofascore.com/es/jugador/vicente-taborda/1131037,5223,9,0.16,779,4,0.46
Platense,Santiago Toloza,VOL,https://www.sofascore.com/es/jugador/santiago-toloza/1018410,3111,5,0.14,32,0,0.0
Platense,Franco Zapiola,VOL,https://www.sofascore.com/es/jugador/franco-zapiola/1212545,4154,7,0.15,511,0,0.0
Platense,Leonel Picco,VOL,https://www.sofascore.com/es/jugador/leonel-picco/981350,10297,2,0.02,833,0,0.0
Platense,Franco Minerva,VOL,https://www.sofascore.com/es/jugador/franco-minerva/1650800,882,1,0.1,97,0,0.0
Platense,Guido Mainero,VOL,https://www.sofascore.com/es/jugador/guido-mainero/895232,8022,14,0.16,781,1,0.12
Platense,Enzo Roldan,VOL,https://www.sofascore.com/es/jugador/enzo-roldan/1022263,6196,3,0.04,41,0,0.0
Platense,Rodrigo Herrera,VOL,https://www.sofascore.com/es/jugador/rodrigo-herrera/1067815,5859,0,0.0,672,0,0.0
Platense,Fernando Juarez,VOL,https://www.sofascore.com/es/jugador/fernando-juarez/851585,6656,0,0.0,328,0,0.0
Platense,Ignacio Schor,VOL,https://www.sofascore.com/es/jugador/ignacio-schor/1092305,4151,3,0.07,236,0,0.0
Platense,Maximiliano Rodriguez,DEL,https://www.sofascore.com/es/jugador/maximiliano-rodriguez/940483,7233,17,0.21,199,0,0.0
Platense,Tobias Cervera,DEL,https://www.sofascore.com/es/jugador/tobias-cervera/1086929,3523,12,0.31,22,0,0.0
Platense,Juan Pablo Goicochea,DEL,https://www.sofascore.com/es/jugador/juan-pablo-goicochea/1201015,66,0,0.0,0,0,-
Platense,Ronaldo Martinez,DEL,https://www.sofascore.com/es/jugador/ronaldo-martinez/874452,4562,12,0.24,287,0,0.0
Platense,Augusto Lotti,DEL,https://www.sofascore.com/es/jugador/augusto-lotti/824456,9654,29,0.27,498,1,0.18
Platense,Rodrigo Marquez,DEL,https://www.sofascore.com/es/jugador/rodrigo-marquez/1086993,1316,2,0.14,41,0,0.0
Platense,Nicolas Orsini,DEL,https://www.sofascore.com/es/jugador/nicolas-orsini/347744,7990,23,0.26,13,0,0.0
Racing Club,Gaston Gomez,ARQ,https://www.sofascore.com/es/jugador/gaston-gomez/830775,7721,-,-,0,-,-
Racing Club,Cambeses Facundo,ARQ,https://www.sofascore.com/es/jugador/cambeses-facundo/836159,9240,-,-,240,-,-
Racing Club,Gabriel Arias,ARQ,https://www.sofascore.com/es/jugador/gabriel-arias/581782,24187,-,-,837,-,-
Racing Club,Facundo Mura,DEF,https://www.sofascore.com/es/jugador/facundo-mura/974664,11267,10,0.08,196,1,0.46
Racing Club,Marco Di Cesare,DEF,https://www.sofascore.com/es/jugador/marco-di-cesare/1017460,7514,3,0.04,680,1,0.13
Racing Club,German Conti,DEF,https://www.sofascore.com/es/jugador/german-conti/320917,13936,6,0.04,290,0,0.0
Racing Club,Agustin Garcia Basso,DEF,https://www.sofascore.com/es/jugador/agustin-garcia-basso/896806,5979,3,0.05,83,0,0.0
Racing Club,Quiros Santiago,DEF,https://www.sofascore.com/es/jugador/quiros-santiago/1464535,3208,1,0.03,780,0,0.0
Racing Club,Nazareno Colombo,DEF,https://www.sofascore.com/es/jugador/nazareno-colombo/913596,12698,5,0.04,867,0,0.0
Racing Club,Gabriel Rojas,DEF,https://www.sofascore.com/es/jugador/gabriel-rojas/1387300,16452,4,0.02,720,0,0.0
Racing Club,Gaston Martirena,DEF,https://www.sofascore.com/es/jugador/gaston-martirena/1017433,11303,16,0.13,916,1,0.1
Racing Club,Santiago Sosa,VOL,https://www.sofascore.com/es/jugador/santiago-sosa/928237,10836,4,0.03,405,0,0.0
Racing Club,Matias Zaracho,VOL,https://www.sofascore.com/es/jugador/matias-zaracho/859970,18339,34,0.17,433,1,0.21
Racing Club,Richard Sanchez,VOL,https://www.sofascore.com/es/jugador/richard-sanchez/885612,14132,18,0.11,246,0,0.0
Racing Club,Agustin Almendra,VOL,https://www.sofascore.com/es/jugador/agustin-almendra/922440,7902,11,0.13,539,0,0.0
Racing Club,Juan Nardoni,VOL,https://www.sofascore.com/es/jugador/juan-nardoni/989862,11847,5,0.04,908,0,0.0
Racing Club,Bruno Zuculini,VOL,https://www.sofascore.com/es/jugador/bruno-zuculini/249409,11955,12,0.09,232,1,0.39
Racing Club,Adrian Fernandez,VOL,https://www.sofascore.com/es/jugador/adrian-fernandez/1121463,3714,4,0.1,53,0,0.0
Racing Club,Barrios Martin,VOL,https://www.sofascore.com/es/jugador/barrios-martin/930196,7149,4,0.05,314,1,0.29
Racing Club,Gonzalez David,VOL,https://www.sofascore.com/es/jugador/gonzlez-david/1653140,0,0,0,0,0,-
Racing Club,Ignacio Rodriguez,VOL,https://www.sofascore.com/es/jugador/ignacio-rodriguez/1113236,2840,1,0.03,426,0,0.0
Racing Club,Martinez Adrian,DEL,https://www.sofascore.com/es/jugador/martinez-adrian/906811,15777,95,0.54,696,6,0.78
Racing Club,Luciano Vietto,DEL,https://www.sofascore.com/es/jugador/luciano-vietto/249407,14347,51,0.32,409,4,0.88
Racing Club,Maximiliano Salas,DEL,https://www.sofascore.com/es/jugador/maximiliano-salas/883933,14010,45,0.29,812,0,0.0
Racing Club,Adrian Balboa,DEL,https://www.sofascore.com/es/jugador/adrian-balboa/368422,14678,50,0.31,417,3,0.65
Racing Club,Solari Santiago,DEL,https://www.sofascore.com/es/jugador/solari-santiago/1104323,5390,12,0.2,384,0,0.0
Racing Club,Degregorio Ramiro Matias,DEL,https://www.sofascore.com/es/jugador/degregorio-ramiro-matias/1489956,69,0,0.0,42,0,0.0
River Plate,Jeremias Ledesma,ARQ,https://www.sofascore.com/es/jugador/jeremias-ledesma/341097,20158,-,-,90,-,-
River Plate,Franco Armani,ARQ,https://www.sofascore.com/es/jugador/franco-armani/221140,34216,-,-,1020,-,-
River Plate,Milton Casco,DEF,https://www.sofascore.com/es/jugador/milton-casco/122710,20444,4,0.02,454,0,0.0
River Plate,Leandro Gonzalez Pirez,DEF,https://www.sofascore.com/es/jugador/leandro-gonzalez-pirez/158259,23011,12,0.05,90,1,1.0
River Plate,Federico Gattoni,DEF,https://www.sofascore.com/es/jugador/federico-gattoni/941464,9279,9,0.09,90,0,0.0
River Plate,Fabricio Bustos,DEF,https://www.sofascore.com/es/jugador/fabricio-bustos/850023,27317,11,0.04,248,0,0.0
River Plate,Paulo Diaz,DEF,https://www.sofascore.com/es/jugador/paulo-diaz/790004,22552,17,0.07,725,0,0.0
River Plate,Lucas Martinez Quarta,DEF,https://www.sofascore.com/es/jugador/lucas-martinez-quarta/795297,19495,18,0.08,0,0,-
River Plate,German Pezzella,DEF,https://www.sofascore.com/es/jugador/german-pezzella/158241,29081,14,0.04,705,0,0.0
River Plate,Marcos Acuna,DEF,https://www.sofascore.com/es/jugador/marcos-acuna/578560,23640,21,0.08,682,0,0.0
River Plate,Gonzalo Montiel,DEF,https://www.sofascore.com/es/jugador/gonzalo-montiel/822933,17709,10,0.05,0,0,-
River Plate,Rodrigo Aliendro,VOL,https://www.sofascore.com/es/jugador/rodrigo-aliendro/830748,20174,16,0.07,382,0,0.0
River Plate,Matias Kranevitter,VOL,https://www.sofascore.com/es/jugador/matias-kranevitter/295159,12628,1,0.01,246,0,0.0
River Plate,Enzo Perez,VOL,https://www.sofascore.com/es/jugador/enzo-perez/33958,26516,4,0.01,710,0,0.0
River Plate,Maximiliano Meza,VOL,https://www.sofascore.com/es/jugador/maximiliano-meza/340897,22235,49,0.2,602,0,0.0
River Plate,Gonzalo Martinez,VOL,https://www.sofascore.com/es/jugador/gonzalo-martinez/789871,13626,44,0.29,333,0,0.0
River Plate,Nacho Fernandez,VOL,https://www.sofascore.com/es/jugador/nacho-fernandez/340861,24066,47,0.18,97,0,0.0
River Plate,Manuel Lanzini,VOL,https://www.sofascore.com/es/jugador/manuel-lanzini/220315,16665,32,0.17,0,0,-
River Plate,Kevin Castano,VOL,https://www.sofascore.com/es/jugador/kevin-castano/1066915,6955,3,0.04,0,0,-
River Plate,Giuliano Galoppo,VOL,https://www.sofascore.com/es/jugador/giuliano-galoppo/926413,9450,30,0.29,410,0,0.0
River Plate,Matias Rojas,VOL,https://www.sofascore.com/es/jugador/matias-rojas/846280,12217,41,0.3,0,0,-
River Plate,Franco Mastantuono,VOL,https://www.sofascore.com/es/jugador/franco-mastantuono/1403559,1865,4,0.19,409,2,0.44
River Plate,Santiago Simon,VOL,https://www.sofascore.com/es/jugador/santiago-simon/1091058,8086,6,0.07,501,0,0.0
River Plate,Sebastian Driussi,DEL,https://www.sofascore.com/es/jugador/sebastian-driussi/358938,19913,84,0.38,0,0,-
River Plate,Agustin Ruberto,DEL,https://www.sofascore.com/es/jugador/agustin-ruberto/1482434,317,1,0.28,0,0,-
River Plate,Miguel Borja,DEL,https://www.sofascore.com/es/jugador/miguel-borja/329601,23402,165,0.63,868,2,0.21
River Plate,Tapia Gonzalo,DEL,https://www.sofascore.com/es/jugador/tapia-gonzalo/1002947,6789,22,0.29,208,0,0.0
River Plate,Facundo Colidio,DEL,https://www.sofascore.com/es/jugador/facundo-colidio/927308,10917,33,0.27,640,3,0.42
River Plate,Ian Subiabre,DEL,https://www.sofascore.com/es/jugador/ian-subiabre/1482381,202,0,0.0,139,0,0.0
Rosario Central,Fernandez Damian,ARQ,https://www.sofascore.com/es/jugador/fernandez-damian-leandro/2008213,0,-,-,0,-,-
Rosario Central,Jorge Broun,ARQ,https://www.sofascore.com/es/jugador/jorge-broun/789406,16791,-,-,810,-,-
Rosario Central,Axel Werner,ARQ,https://www.sofascore.com/es/jugador/axel-werner/250219,5435,-,-,90,-,-
Rosario Central,Agustin Sandez,DEF,https://www.sofascore.com/es/jugador/agustin-sandez/1066556,7691,7,0.08,778,1,0.12
Rosario Central,Gimenez Juan,DEF,https://www.sofascore.com/es/jugador/gimenez-juan/1482411,1728,1,0.05,247,0,0.0
Rosario Central,Facundo Mallo,DEF,https://www.sofascore.com/es/jugador/facundo-mallo/877400,10231,6,0.05,368,0,0.0
Rosario Central,Emanuel Coronel,DEF,https://www.sofascore.com/es/jugador/emanuel-coronel/895593,14448,2,0.01,691,0,0.0
Rosario Central,Juan Cruz Komar,DEF,https://www.sofascore.com/es/jugador/juan-komar/376734,13938,6,0.04,432,0,0.0
Rosario Central,Carlos Quintana,DEF,https://www.sofascore.com/es/jugador/carlos-quintana/33202,18537,13,0.06,740,0,0.0
Rosario Central,Agustin Bravo,DEF,https://www.sofascore.com/es/jugador/agustin-bravo/1096232,2237,1,0.04,0,0,-
Rosario Central,Juan Manuel Elordi,DEF,https://www.sofascore.com/es/jugador/juan-manuel-elordi/993481,5518,9,0.15,122,0,0.0
Rosario Central,Enzo Gimenez,DEF,https://www.sofascore.com/es/jugador/enzo-gimenez/927326,2858,2,0.06,169,0,0.0
Rosario Central,Ignacio Malcorra,VOL,https://www.sofascore.com/es/jugador/ignacio-malcorra/789427,24656,43,0.16,798,4,0.45
Rosario Central,Franco Ibarra,VOL,https://www.sofascore.com/es/jugador/franco-ibarra/989796,8412,0,0.0,810,0,0.0
Rosario Central,Tomas Oconnor,VOL,https://www.sofascore.com/es/jugador/tomas-oconnor/1117117,3166,3,0.09,164,0,0.0
Rosario Central,Lautaro Giaccone,VOL,https://www.sofascore.com/es/jugador/lautaro-giaccone/1087087,3484,7,0.18,245,1,0.37
Rosario Central,Navarro Federico,VOL,https://www.sofascore.com/es/jugador/navarro-federico/963280,9593,3,0.03,485,0,0.0
Rosario Central,Augusto Solari,VOL,https://www.sofascore.com/es/jugador/augusto-solari/291279,9090,18,0.18,198,0,0.0
Rosario Central,Jonatan Gomez,VOL,https://www.sofascore.com/es/jugador/jonatan-gomez/986257,18813,33,0.16,74,0,0.0
Rosario Central,Kevin Ortiz,VOL,https://www.sofascore.com/es/jugador/kevin-ortiz/1180814,6943,2,0.03,61,0,0.0
Rosario Central,Gaspar Duarte,VOL,https://www.sofascore.com/es/jugador/gaspar-duarte/1836623,990,1,0.09,530,1,0.17
Rosario Central,Jaminton Campaz,VOL,https://www.sofascore.com/es/jugador/jaminton-campaz/877299,15747,44,0.25,724,4,0.5
Rosario Central,Lopez Santiago,DEL,https://www.sofascore.com/es/jugador/lopez-santiago/1482391,1313,2,0.14,132,0,0.0
Rosario Central,Maximiliano Lovera,DEL,https://www.sofascore.com/es/jugador/maximiliano-lovera/839582,8465,9,0.1,171,0,0.0
Rosario Central,Sebastian Ferreira,DEL,https://www.sofascore.com/es/jugador/sebastian-ferreira/822783,7816,38,0.44,124,1,0.73
Rosario Central,Modica Agustin,DEL,https://www.sofascore.com/es/jugador/modica-agustin/1542680,984,7,0.64,0,0,-
Rosario Central,Enzo Copetti,DEL,https://www.sofascore.com/es/jugador/enzo-copetti/860045,12595,40,0.29,766,1,0.12
San Lorenzo,Orlando Gil,ARQ,https://www.sofascore.com/es/jugador/orlando-gil/991709,990,-,-,900,-,-
San Lorenzo,Jose Devecchi,ARQ,https://www.sofascore.com/es/jugador/jose-devecchi/578460,11892,-,-,0,-,-
San Lorenzo,Facundo Altamirano,ARQ,https://www.sofascore.com/es/jugador/facundo-altamirano/794812,9224,-,-,0,-,-
San Lorenzo,Mateo Clemente,ARQ,https://www.sofascore.com/es/jugador/mateo-clemente/1179262,90,-,-,0,-,-
San Lorenzo,Nahuel Arias,DEF,https://www.sofascore.com/es/jugador/nahuel-arias/1485102,752,0,0.0,0,0,-
San Lorenzo,Ezequiel Herrera,DEF,https://www.sofascore.com/es/jugador/ezequiel-herrera/1199307,3747,0,0.0,900,0,0.0
San Lorenzo,Nery Dominguez,DEF,https://www.sofascore.com/es/jugador/nery-dominguez/341075,17658,6,0.03,130,0,0.0
San Lorenzo,Daniel Herrera,DEF,https://www.sofascore.com/es/jugador/daniel-herrera/1835531,1229,0,0.0,810,0,0.0
San Lorenzo,Renzo Pedroza,DEF,https://www.sofascore.com/es/jugador/ramiro-pedroza/1956756,0,0,0,0,0,-
San Lorenzo,Zelaya Maximiliano,DEF,https://www.sofascore.com/es/jugador/zelaya-maximiliano/942052,0,0,0,0,0,-
San Lorenzo,Elias Baez,DEF,https://www.sofascore.com/es/jugador/elias-baez/1485370,2292,0,0.0,833,0,0.0
San Lorenzo,Gaston Hernandez,DEF,https://www.sofascore.com/es/jugador/gaston-hernandez/980886,7040,3,0.04,101,0,0.0
San Lorenzo,Nicolas Tripichio,DEF,https://www.sofascore.com/es/jugador/nicolas-tripichio/358924,14699,12,0.07,742,0,0.0
San Lorenzo,Jhohan Romana,DEF,https://www.sofascore.com/es/jugador/jhohan-romana/839734,8540,2,0.02,900,0,0.0
San Lorenzo,Malcom Braida,DEF,https://www.sofascore.com/es/jugador/malcom-braida/994453,13250,12,0.08,900,2,0.2
San Lorenzo,Iker Muniain,VOL,https://www.sofascore.com/es/jugador/iker-muniain/71707,20679,45,0.2,39,0,0.0
San Lorenzo,Irala Elian,VOL,https://www.sofascore.com/es/jugador/irala-elian/1385755,4435,2,0.04,688,0,0.0
San Lorenzo,Manuel Insaurralde,VOL,https://www.sofascore.com/es/jugador/manuel-insaurralde/960297,3785,0,0.0,27,0,0.0
San Lorenzo,Juan Cruz Vega,VOL,https://www.sofascore.com/es/jugador/juan-cruz-vega/1920842,0,0,0,0,0,-
San Lorenzo,Valentin Escalante,VOL,https://www.sofascore.com/es/jugador/valentin-escalante/2031267,0,0,0,0,0,-
San Lorenzo,Emanuel Cecchini,VOL,https://www.sofascore.com/es/jugador/emanuel-cecchini/581618,9608,7,0.07,286,1,0.31
San Lorenzo,Ezequiel Cerutti,DEL,https://www.sofascore.com/es/jugador/ezequiel-cerutti/340785,10064,10,0.09,321,0,0.0
San Lorenzo,Andres Vombergar,DEL,https://www.sofascore.com/es/jugador/andres-vombergar/894415,8023,32,0.36,680,6,0.79
San Lorenzo,Alexis Cuello,DEL,https://www.sofascore.com/es/jugador/alexis-cuello/965768,5876,14,0.21,718,0,0.0
San Lorenzo,Reali Matias,DEL,https://www.sofascore.com/es/jugador/reali-matias/1182457,5908,3,0.05,818,0,0.0
San Lorenzo,Jaime Peralta,DEL,https://www.sofascore.com/es/jugador/jaime-peralta/1551137,1177,8,0.61,102,1,0.88
San Martín de San Juan,Federico Bonansea,ARQ,https://www.sofascore.com/es/jugador/federico-bonansea/789879,270,-,-,0,-,-
San Martín de San Juan,Maximiliano Velazco,ARQ,https://www.sofascore.com/es/jugador/maximiliano-velazco/830706,4422,-,-,0,-,-
San Martín de San Juan,Matias Borgogno,ARQ,https://www.sofascore.com/es/jugador/matias-borgogno/934122,5130,-,-,900,-,-
San Martín de San Juan,Hernan Lopes,DEF,https://www.sofascore.com/es/jugador/hernan-lopes/874792,11760,2,0.02,323,0,0.0
San Martín de San Juan,Alejandro Molina,DEF,https://www.sofascore.com/es/jugador/alejandro-molina/902452,6696,5,0.07,515,0,0.0
San Martín de San Juan,Esteban Burgos,DEF,https://www.sofascore.com/es/jugador/esteban-burgos/594426,15035,13,0.08,487,0,0.0
San Martín de San Juan,Ayrton Portillo,DEF,https://www.sofascore.com/es/jugador/ayrton-portillo/1092590,5421,0,0.0,450,0,0.0
San Martín de San Juan,Damian Adin,DEF,https://www.sofascore.com/es/jugador/damian-adin/929459,5568,3,0.05,0,0,-
San Martín de San Juan,Lucas Diarte,DEF,https://www.sofascore.com/es/jugador/lucas-diarte/332777,5698,1,0.02,416,0,0.0
San Martín de San Juan,Caseres Rodrigo,DEF,https://www.sofascore.com/es/jugador/caseres-rodrigo/1108449,4741,1,0.02,900,0,0.0
San Martín de San Juan,Tomas Lecanda,DEF,https://www.sofascore.com/es/jugador/tomas-lecanda/1003027,2480,0,0.0,0,0,-
San Martín de San Juan,Luciano Recalde,DEF,https://www.sofascore.com/es/jugador/luciano-recalde/896879,9091,1,0.01,415,0,0.0
San Martín de San Juan,Leonel Alvarez,VOL,https://www.sofascore.com/es/jugador/leonel-alvarez/897111,4442,0,0.0,450,0,0.0
San Martín de San Juan,Tomas Escalante,VOL,https://www.sofascore.com/es/jugador/tomas-escalante/1017377,4422,1,0.02,149,0,0.0
San Martín de San Juan,Watson Nicolas,VOL,https://www.sofascore.com/es/jugador/watson-nicolas/994455,3591,0,0.0,322,0,0.0
San Martín de San Juan,Sebastian Gonzalez,VOL,https://www.sofascore.com/es/jugador/sebastian-gonzalez/79711,5848,11,0.17,433,1,0.21
San Martín de San Juan,Diego Gonzalez,VOL,https://www.sofascore.com/es/jugador/diego-gonzalez/33232,12306,24,0.18,0,0,-
San Martín de San Juan,Sebastian Jaurena,VOL,https://www.sofascore.com/es/jugador/sebastian-jaurena/943795,5061,2,0.04,438,0,0.0
San Martín de San Juan,Gaston Moreyra,VOL,https://www.sofascore.com/es/jugador/gaston-moreyra/1134165,590,0,0.0,75,0,0.0
San Martín de San Juan,Olguin Gino,VOL,https://www.sofascore.com/es/jugador/olguin-gino/1092345,1635,0,0.0,135,0,0.0
San Martín de San Juan,Nicolas Pelaitay,VOL,https://www.sofascore.com/es/jugador/nicolas-pelaitay/316030,7837,3,0.03,758,0,0.0
San Martín de San Juan,Tomas Fernandez,DEL,https://www.sofascore.com/es/jugador/tomas-fernandez/946195,3935,11,0.25,559,1,0.16
San Martín de San Juan,Ezequiel Montagna,DEL,https://www.sofascore.com/es/jugador/ezequiel-montagna/789383,3358,5,0.13,110,0,0.0
San Martín de San Juan,Jonathan Menendez,DEL,https://www.sofascore.com/es/jugador/jonathan-menendez/846568,9248,22,0.21,0,0,-
San Martín de San Juan,Maximiliano Casa,DEL,https://www.sofascore.com/es/jugador/maximiliano-casa/895355,5192,11,0.19,57,0,0.0
San Martín de San Juan,Edwuin Pernia,DEL,https://www.sofascore.com/es/jugador/edwuin-pernia/830411,6597,33,0.45,145,0,0.0
San Martín de San Juan,Franco Toloza,DEL,https://www.sofascore.com/es/jugador/franco-toloza/1020531,3574,15,0.38,99,0,0.0
San Martín de San Juan,Horacio Tijanovich,DEL,https://www.sofascore.com/es/jugador/horacio-tijanovich/798553,7479,7,0.08,120,0,0.0
San Martín de San Juan,Juan Cavallaro,DEL,https://www.sofascore.com/es/jugador/juan-cavallaro/249301,4986,12,0.22,297,0,0.0
San Martín de San Juan,Federico Gonzalez,DEL,https://www.sofascore.com/es/jugador/federico-gonzalez/106231,8442,27,0.29,105,0,0.0
San Martín de San Juan,Anselmo Federico,DEL,https://www.sofascore.com/es/jugador/anselmo-federico/991310,5382,16,0.27,0,0,-
Sarmiento,Lucas Acosta,ARQ,https://www.sofascore.com/es/jugador/lucas-acosta/340845,12580,-,-,900,-,-
Sarmiento,Alex Vigo,DEF,https://www.sofascore.com/es/jugador/alex-vigo/941093,10445,3,0.03,578,0,0.0
Sarmiento,Renzo Orihuela,DEF,https://www.sofascore.com/es/jugador/renzo-orihuela/941402,8693,6,0.06,810,0,0.0
Sarmiento,Facundo Roncaglia,DEF,https://www.sofascore.com/es/jugador/facundo-roncaglia/34391,17166,8,0.04,450,0,0.0
Sarmiento,Juan Manuel Insaurralde,DEF,https://www.sofascore.com/es/jugador/juan-manuel-insaurralde/93196,23522,12,0.05,720,0,0.0
Sarmiento,Vallejos Jeremias,DEF,https://www.sofascore.com/es/jugador/vallejos-jeremias/1650248,278,0,0.0,8,0,0.0
Sarmiento,Gabriel Diaz,DEF,https://www.sofascore.com/es/jugador/gabriel-diaz/1199053,5253,3,0.05,581,0,0.0
Sarmiento,Yair Arismendi,VOL,https://www.sofascore.com/es/jugador/yair-arismendi/896798,5767,4,0.06,132,0,0.0
Sarmiento,Juan Andrada,VOL,https://www.sofascore.com/es/jugador/juan-andrada/848616,9367,0,0.0,81,0,0.0
Sarmiento,Carlos Villalba,VOL,https://www.sofascore.com/es/jugador/carlos-villalba/975704,5735,1,0.02,432,0,0.0
Sarmiento,Joaquin Gho,VOL,https://www.sofascore.com/es/jugador/joaquin-gho/1094993,3652,4,0.1,644,0,0.0
Sarmiento,Manuel Monaco,VOL,https://www.sofascore.com/es/jugador/manuel-monaco/1179175,2179,2,0.08,11,0,0.0
Sarmiento,Elian Gimenez,VOL,https://www.sofascore.com/es/jugador/elian-gimenez/2035913,278,0,0.0,0,0,-
Sarmiento,Manuel Garcia,VOL,https://www.sofascore.com/es/jugador/manuel-garcia/1105366,5022,2,0.04,514,0,0.0
Sarmiento,Paradela Federico,VOL,https://www.sofascore.com/es/jugador/paradela-federico/1119881,1201,0,0.0,201,0,0.0
Sarmiento,Gabriel Carabajal,VOL,https://www.sofascore.com/es/jugador/gabriel-carabajal/830742,11295,22,0.18,526,2,0.34
Sarmiento,Valentin Burgoa,DEL,https://www.sofascore.com/es/jugador/valentin-burgoa/922466,6226,4,0.06,459,1,0.2
Sarmiento,Suhr Leandro,DEL,https://www.sofascore.com/es/jugador/suhr-leandro/976180,6210,7,0.1,397,1,0.23
Sarmiento,Ivan Morales Bravo,DEL,https://www.sofascore.com/es/jugador/ivan-morales/848075,8859,30,0.3,655,1,0.14
Sarmiento,Pablo Daniel Magnin,DEL,https://www.sofascore.com/es/jugador/pablo-daniel-magnin/249347,6253,31,0.45,465,2,0.39
Sarmiento,Franco Frias,DEL,https://www.sofascore.com/es/jugador/franco-frias/1086986,2827,12,0.38,288,0,0.0
Talleres de Córdoba,Javier Burrai,ARQ,https://www.sofascore.com/es/jugador/javier-burrai/174421,9110,-,-,0,-,-
Talleres de Córdoba,Jeremias Florentin,ARQ,https://www.sofascore.com/es/jugador/jeremias-florentin/1597273,0,-,-,0,-,-
Talleres de Córdoba,Guido Herrera,ARQ,https://www.sofascore.com/es/jugador/guido-herrera/248977,26263,-,-,975,-,-
Talleres de Córdoba,Fernandez Santiago,DEF,https://www.sofascore.com/es/jugador/fernandez-santiago/1462241,85,0,0.0,0,0,-
Talleres de Córdoba,Juan Gabriel Rodriguez,DEF,https://www.sofascore.com/es/jugador/juan-gabriel-rodriguez/155714,11571,7,0.05,804,0,0.0
Talleres de Córdoba,Gaston Benavidez,DEF,https://www.sofascore.com/es/jugador/gaston-benavidez/981452,14335,8,0.05,735,2,0.24
Talleres de Córdoba,Juan Portillo,DEF,https://www.sofascore.com/es/jugador/juan-portillo/1087037,12635,1,0.01,975,0,0.0
Talleres de Córdoba,Augusto Schott,DEF,https://www.sofascore.com/es/jugador/augusto-schott/940689,6539,3,0.04,240,0,0.0
Talleres de Córdoba,Blas Riveros,DEF,https://www.sofascore.com/es/jugador/blas-riveros/805202,8080,3,0.03,316,0,0.0
Talleres de Córdoba,Matias Catalan,DEF,https://www.sofascore.com/es/jugador/matias-catalan/249643,14505,10,0.06,0,0,-
Talleres de Córdoba,Miguel Navarro,DEF,https://www.sofascore.com/es/jugador/miguel-navarro/946472,11775,1,0.01,800,0,0.0
Talleres de Córdoba,Tomas Cardona,DEF,https://www.sofascore.com/es/jugador/tomas-cardona/849020,16209,8,0.04,270,0,0.0
Talleres de Córdoba,Matias Galarza Fonda,VOL,https://www.sofascore.com/es/jugador/matias-galarza/1105836,5629,8,0.13,648,0,0.0
Talleres de Córdoba,Emanuel Reynoso,VOL,https://www.sofascore.com/es/jugador/emanuel-reynoso/856109,15225,38,0.22,501,2,0.36
Talleres de Córdoba,Matias Galarza,VOL,https://www.sofascore.com/es/jugador/matias-galarza/1086924,5756,2,0.03,434,0,0.0
Talleres de Córdoba,Ulises Ortegoza,VOL,https://www.sofascore.com/es/jugador/ulises-ortegoza/1169586,5504,2,0.03,634,1,0.14
Talleres de Córdoba,Ruben Botta,VOL,https://www.sofascore.com/es/jugador/ruben-botta/249829,13490,25,0.17,685,0,0.0
Talleres de Córdoba,Mosqueira Joaquin,VOL,https://www.sofascore.com/es/jugador/mosqueira-joaquin/1464852,4530,4,0.08,264,0,0.0
Talleres de Córdoba,Portilla Juan Camilo,VOL,https://www.sofascore.com/es/jugador/portilla-camilo/980580,13756,3,0.02,581,0,0.0
Talleres de Córdoba,Santiago Puzzo,VOL,https://www.sofascore.com/es/jugador/santiago-puzzo/1653792,897,1,0.1,0,0,-
Talleres de Córdoba,Marcos Portillo,VOL,https://www.sofascore.com/es/jugador/marcos-portillo/1167858,3656,7,0.17,0,0,-
Talleres de Córdoba,Matias Ezequiel Gomez,VOL,https://www.sofascore.com/es/jugador/matias-gomez/1507306,0,0,0,0,0,-
Talleres de Córdoba,Rick Lima Morais,DEL,https://www.sofascore.com/es/jugador/rick/984900,6041,16,0.24,0,0,-
Talleres de Córdoba,Sebastian Palacios,DEL,https://www.sofascore.com/es/jugador/sebastian-palacios/312056,15167,48,0.28,347,0,0.0
Talleres de Córdoba,Depietri Valentin,DEL,https://www.sofascore.com/es/jugador/depietri-valentin/1092322,3395,4,0.11,357,1,0.25
Talleres de Córdoba,Federico Girotti,DEL,https://www.sofascore.com/es/jugador/federico-girotti/966164,8303,30,0.33,445,0,0.0
Talleres de Córdoba,Nahuel Bustos,DEL,https://www.sofascore.com/es/jugador/nahuel-bustos/859961,9682,40,0.37,484,0,0.0
Talleres de Córdoba,Cristian Tarragona,DEL,https://www.sofascore.com/es/jugador/cristian-tarragona/830717,9478,41,0.39,160,0,0.0
Tigre,Luka Fuster,ARQ,https://www.sofascore.com/es/jugador/luka-fuster/1893229,0,-,-,0,-,-
Tigre,Alan Sosa,ARQ,https://www.sofascore.com/es/jugador/alan-sosa/872392,4825,-,-,0,-,-
Tigre,Felipe Zenobio,ARQ,https://www.sofascore.com/es/jugador/felipe-zenobio/992071,4445,-,-,900,-,-
Tigre,Ramon Arias,DEF,https://www.sofascore.com/es/jugador/ramon-arias/158625,15047,6,0.04,103,0,0.0
Tigre,Federico Tevez,DEF,https://www.sofascore.com/es/jugador/federico-tevez/1169599,4243,2,0.04,0,0,-
Tigre,Alan Barrionuevo,DEF,https://www.sofascore.com/es/jugador/alan-barrionuevo/1110289,6806,6,0.08,91,0,0.0
Tigre,Valentin Moreno,DEF,https://www.sofascore.com/es/jugador/valentin-moreno/1485717,507,0,0.0,0,0,-
Tigre,Nahuel Banegas,DEF,https://www.sofascore.com/es/jugador/nahuel-banegas/992112,7865,9,0.1,895,0,0.0
Tigre,Nehuen Paz,DEF,https://www.sofascore.com/es/jugador/nehuen-paz/340525,10168,4,0.04,900,1,0.1
Tigre,Martin Ortega,DEF,https://www.sofascore.com/es/jugador/martin-ortega/1020498,4226,3,0.06,525,1,0.17
Tigre,Diego Sosa,DEF,https://www.sofascore.com/es/jugador/diego-sosa/850995,8896,5,0.05,8,0,0.0
Tigre,Joaquin Laso,DEF,https://www.sofascore.com/es/jugador/joaquin-laso/789853,15241,6,0.04,720,0,0.0
Tigre,Martin Garay,DEF,https://www.sofascore.com/es/jugador/martin-garay/992080,10234,2,0.02,583,0,0.0
Tigre,Ignacio Neira,VOL,https://www.sofascore.com/es/jugador/ignacio-neira/846701,937,1,0.1,0,0,-
Tigre,Julian Lopez,VOL,https://www.sofascore.com/es/jugador/julian-lopez/922455,7719,2,0.02,330,0,0.0
Tigre,Gonzalo Pineiro,VOL,https://www.sofascore.com/es/jugador/gonzalo-pineiro/1086999,605,1,0.15,74,0,0.0
Tigre,Sebastian Medina,VOL,https://www.sofascore.com/es/jugador/sebastian-medina/986736,4178,5,0.11,433,0,0.0
Tigre,Gonzalez Santiago,VOL,https://www.sofascore.com/es/jugador/gonzalez-santiago/1485735,2159,1,0.04,650,0,0.0
Tigre,Scipioni Lorenzo,VOL,https://www.sofascore.com/es/jugador/scipioni-lorenzo/1211019,1401,0,0.0,882,0,0.0
Tigre,Elias Cabrera,VOL,https://www.sofascore.com/es/jugador/elias-cabrera/1201391,3127,1,0.03,648,0,0.0
Tigre,Saralegui Jabes,VOL,https://www.sofascore.com/es/jugador/saralegui-jabes/1415737,2228,2,0.08,549,1,0.16
Tigre,Milton Vasconcelo,VOL,https://www.sofascore.com/es/jugador/milton-vasconcelo/1485729,0,0,0,0,0,-
Tigre,Hector Fertoli,DEL,https://www.sofascore.com/es/jugador/hector-fertoli/831608,12762,27,0.19,299,0,0.0
Tigre,Maximiliano Zalazar,DEL,https://www.sofascore.com/es/jugador/maximiliano-zalazar/1067653,2835,8,0.25,131,0,0.0
Tigre,Lucas Besozzi,DEL,https://www.sofascore.com/es/jugador/lucas-besozzi/1086339,3381,5,0.13,57,1,1.58
Tigre,Protti Ijiel,DEL,https://www.sofascore.com/es/jugador/protti-ijiel-cesar/796999,2619,3,0.1,0,0,-
Tigre,Blas Armoa,DEL,https://www.sofascore.com/es/jugador/blas-armoa/883217,5840,17,0.26,13,0,0.0
Tigre,Dario Sarmiento,DEL,https://www.sofascore.com/es/jugador/dario-sarmiento/989829,0,0,0,0,0,-
Tigre,Eric Ramirez,DEL,https://www.sofascore.com/es/jugador/eric-ramirez/877427,3075,11,0.32,22,0,0.0
Tigre,Oviedo Alfio,DEL,https://www.sofascore.com/es/jugador/oviedo-alfio/887430,3301,15,0.41,109,2,1.65
Tigre,David Romero,DEL,https://www.sofascore.com/es/jugador/david-romero/1111805,2213,14,0.57,276,3,0.98
Tigre,Ignacio Russo,DEL,https://www.sofascore.com/es/jugador/ignacio-russo/1087005,3164,13,0.37,805,5,0.56
Unión,Meuli Lucas,ARQ,https://www.sofascore.com/es/jugador/meuli-lucas/1200751,0,-,-,0,-,-
Unión,Matias Tagliamonte,ARQ,https://www.sofascore.com/es/jugador/matias-tagliamonte/871837,4395,-,-,90,-,-
Unión,Thiago Cardozo,ARQ,https://www.sofascore.com/es/jugador/thiago-cardozo/358618,6061,-,-,807,-,-
Unión,Luduena Juan Pablo,DEF,https://www.sofascore.com/es/jugador/luduena-juan-pablo/1392241,679,0,0.0,270,0,0.0
Unión,Gerometta Francisco,DEF,https://www.sofascore.com/es/jugador/gerometta-francisco/1017181,5945,0,0.0,689,0,0.0
Unión,Claudio Corvalan,DEF,https://www.sofascore.com/es/jugador/claudio-corvalan/249383,20714,6,0.03,810,0,0.0
Unión,Bruno Pitton,DEF,https://www.sofascore.com/es/jugador/bruno-pitton/800246,13864,14,0.09,239,0,0.0
Unión,Valentin Fascendini,DEF,https://www.sofascore.com/es/jugador/valentin-fascendini/1537838,383,0,0.0,120,0,0.0
Unión,Vargas Lautaro,DEF,https://www.sofascore.com/es/jugador/vargas-lautaro/1485084,2027,0,0.0,211,0,0.0
Unión,Nicolas Paz,DEF,https://www.sofascore.com/es/jugador/nicolas-paz/1189173,4716,0,0.0,304,0,0.0
Unión,Franco Pardo,DEF,https://www.sofascore.com/es/jugador/franco-pardo/879962,8233,6,0.07,772,0,0.0
Unión,Emilio Giaccone,DEF,https://www.sofascore.com/es/jugador/emilio-giaccone/2017601,0,0,0,0,0,-
Unión,Profini Rafael,VOL,https://www.sofascore.com/es/jugador/profini-rafael/1515401,373,0,0.0,362,0,0.0
Unión,Ezequiel Ham,VOL,https://www.sofascore.com/es/jugador/ezequiel-ham/546316,5200,5,0.09,602,1,0.15
Unión,Julian Palacios,VOL,https://www.sofascore.com/es/jugador/julian-palacios/1005177,6962,4,0.05,0,0,-
Unión,Lionel Verde,VOL,https://www.sofascore.com/es/jugador/lionel-verde/1523447,746,3,0.36,359,2,0.5
Unión,Mauricio Martinez,VOL,https://www.sofascore.com/es/jugador/mauricio-martinez/789402,11852,11,0.08,380,0,0.0
Unión,Mauro Pitton,VOL,https://www.sofascore.com/es/jugador/mauro-pitton/796958,18566,9,0.04,538,0,0.0
Unión,Del Blanco Mateo,VOL,https://www.sofascore.com/es/jugador/del-blanco-mateo/1183059,2825,1,0.03,727,0,0.0
Unión,Franco Fragapane,DEL,https://www.sofascore.com/es/jugador/franco-fragapane/368926,16190,36,0.2,401,1,0.22
Unión,Diego Diaz,DEL,https://www.sofascore.com/es/jugador/diego-diaz/2058971,65,1,1.38,0,0,-
Unión,Marcelo Estigarribia,DEL,https://www.sofascore.com/es/jugador/marcelo-estigarribia/943166,7646,24,0.28,765,1,0.12
Unión,Jose Angulo,DEL,https://www.sofascore.com/es/jugador/jose-enrique-angulo/590176,5164,22,0.38,45,0,0.0
Unión,Lucas Gamba,DEL,https://www.sofascore.com/es/jugador/lucas-gamba/789445,16656,41,0.22,474,0,0.0
Unión,Agustin Colazo,DEL,https://www.sofascore.com/es/jugador/agustin-colazo/1093119,4929,16,0.29,353,0,0.0
Unión,Domina Jeronimo,DEL,https://www.sofascore.com/es/jugador/domina-jeronimo/1200744,3064,7,0.21,342,0,0.0
Vélez Sarsfield,Lautaro Garzon,ARQ,https://www.sofascore.com/es/jugador/lautaro-garzon/1201403,326,-,-,0,-,-
Vélez Sarsfield,Tomas Marchiori,ARQ,https://www.sofascore.com/es/jugador/tomas-marchiori/898750,9892,-,-,900,-,-
Vélez Sarsfield,Rodriguez Randall,ARQ,https://www.sofascore.com/es/jugador/rodriguez-randall/1087006,270,-,-,0,-,-
Vélez Sarsfield,Aaron Quiros,DEF,https://www.sofascore.com/es/jugador/aaron-quiros/1113232,5797,3,0.05,532,0,0.0
Vélez Sarsfield,Damian Fernandez,DEF,https://www.sofascore.com/es/jugador/damian-fernandez/989201,3976,2,0.05,491,0,0.0
Vélez Sarsfield,Agustin Lagos,DEF,https://www.sofascore.com/es/jugador/agustin-lagos/993929,2571,1,0.04,90,0,0.0
Vélez Sarsfield,Elias Gomez,DEF,https://www.sofascore.com/es/jugador/elias-gomez/365862,17204,9,0.05,702,0,0.0
Vélez Sarsfield,Tomas Cavanagh,DEF,https://www.sofascore.com/es/jugador/tomas-cavanagh/1086278,1075,0,0.0,164,0,0.0
Vélez Sarsfield,Patricio Pernicone,DEF,https://www.sofascore.com/es/jugador/patricio-pernicone/1086288,894,0,0.0,221,0,0.0
Vélez Sarsfield,Isaias Andrada,DEF,https://www.sofascore.com/es/jugador/andrada/1923386,0,0,0,0,0,-
Vélez Sarsfield,Jano Gordon,DEF,https://www.sofascore.com/es/jugador/jano-gordon/1894551,635,0,0.0,0,0,-
Vélez Sarsfield,Emanuel Mammana,DEF,https://www.sofascore.com/es/jugador/emanuel-mammana/358914,12964,4,0.03,391,0,0.0
Vélez Sarsfield,Joaquin Garcia,DEF,https://www.sofascore.com/es/jugador/joaquin-garcia/989860,4698,1,0.02,34,0,0.0
Vélez Sarsfield,Valentin Gomez,DEF,https://www.sofascore.com/es/jugador/diego-gomez/1186010,9378,3,0.03,149,0,0.0
Vélez Sarsfield,Leonel Roldan,VOL,https://www.sofascore.com/es/jugador/leonel-roldan/1201404,404,0,0.0,264,0,0.0
Vélez Sarsfield,Ignacio Gomez,VOL,https://www.sofascore.com/es/jugador/ignacio-gomez/2063301,0,0,0,0,0,-
Vélez Sarsfield,Claudio Baeza,VOL,https://www.sofascore.com/es/jugador/claudio-baeza/333427,24561,4,0.01,34,0,0.0
Vélez Sarsfield,Thiago Fernandez,VOL,https://www.sofascore.com/es/jugador/thiago-fernandez/1201412,2861,6,0.19,0,0,-
Vélez Sarsfield,Alvaro Montoro,VOL,https://www.sofascore.com/es/jugador/alvaro-montoro/1650770,738,0,0.0,502,0,0.0
Vélez Sarsfield,Tomas Galvan,VOL,https://www.sofascore.com/es/jugador/tomas-galvan/1065613,6051,11,0.16,429,0,0.0
Vélez Sarsfield,Seoane Mateo,VOL,https://www.sofascore.com/es/jugador/seoane-mateo/1186698,733,0,0.0,0,0,-
Vélez Sarsfield,Kevin Vazquez,VOL,https://www.sofascore.com/es/jugador/kevin-vazquez/1406468,3070,2,0.06,97,0,0.0
Vélez Sarsfield,Felipe Bussio,VOL,https://www.sofascore.com/es/jugador/felipe-bussio/1894553,0,0,0,0,0,-
Vélez Sarsfield,Christian Ordonez,VOL,https://www.sofascore.com/es/jugador/christian-ordonez/1201388,5669,1,0.02,652,0,0.0
Vélez Sarsfield,Francisco Pizzini,DEL,https://www.sofascore.com/es/jugador/francisco-pizzini/257475,14645,30,0.18,489,0,0.0
Vélez Sarsfield,Agustin Bouzat,DEL,https://www.sofascore.com/es/jugador/agustin-bouzat/830699,17112,16,0.08,729,0,0.0
Vélez Sarsfield,Francisco Montoro,DEL,https://www.sofascore.com/es/jugador/francisco-montoro/1936506,17,0,0.0,0,0,-
Vélez Sarsfield,Benjamin Bosch,DEL,https://www.sofascore.com/es/jugador/benjamin-bosch/1893301,117,0,0.0,107,0,0.0
Vélez Sarsfield,Florian Monzon,DEL,https://www.sofascore.com/es/jugador/florian-monzon/989849,2369,8,0.3,0,0,-
Vélez Sarsfield,Matias Pellegrini,DEL,https://www.sofascore.com/es/jugador/matias-pellegrini/940610,7382,12,0.15,269,0,0.0
Vélez Sarsfield,Michael Santos,DEL,https://www.sofascore.com/es/jugador/michael-santos/339115,14930,71,0.43,283,0,0.0
Vélez Sarsfield,Imanol Machuca,DEL,https://www.sofascore.com/es/jugador/imanol-machuca/974698,7923,15,0.17,183,0,0.0
Vélez Sarsfield,Carrizo Maher,DEL,https://www.sofascore.com/es/jugador/carrizo-maher/1597274,691,2,0.26,311,1,0.29
Vélez Sarsfield,Braian Romero,DEL,https://www.sofascore.com/es/jugador/braian-romero/789435,14933,73,0.44,739,2,0.24
